-- MySQL dump 10.13  Distrib 8.0.18, for Win64 (x86_64)
--
-- Host: localhost    Database: stockauction
-- ------------------------------------------------------
-- Server version	8.0.18

/*!40101 SET @OLD_CHARACTER_SET_CLIENT=@@CHARACTER_SET_CLIENT */;
/*!40101 SET @OLD_CHARACTER_SET_RESULTS=@@CHARACTER_SET_RESULTS */;
/*!40101 SET @OLD_COLLATION_CONNECTION=@@COLLATION_CONNECTION */;
/*!50503 SET NAMES utf8mb4 */;
/*!40103 SET @OLD_TIME_ZONE=@@TIME_ZONE */;
/*!40103 SET TIME_ZONE='+00:00' */;
/*!40014 SET @OLD_UNIQUE_CHECKS=@@UNIQUE_CHECKS, UNIQUE_CHECKS=0 */;
/*!40014 SET @OLD_FOREIGN_KEY_CHECKS=@@FOREIGN_KEY_CHECKS, FOREIGN_KEY_CHECKS=0 */;
/*!40101 SET @OLD_SQL_MODE=@@SQL_MODE, SQL_MODE='NO_AUTO_VALUE_ON_ZERO' */;
/*!40111 SET @OLD_SQL_NOTES=@@SQL_NOTES, SQL_NOTES=0 */;

--
-- Table structure for table `auctionclient`
--

DROP TABLE IF EXISTS `auctionclient`;
/*!40101 SET @saved_cs_client     = @@character_set_client */;
/*!50503 SET character_set_client = utf8mb4 */;
CREATE TABLE `auctionclient` (
  `id` char(10) CHARACTER SET utf8 COLLATE utf8_general_ci NOT NULL,
  `fullName` char(50) CHARACTER SET utf8 COLLATE utf8_general_ci NOT NULL,
  `address1` char(30) CHARACTER SET utf8 COLLATE utf8_general_ci DEFAULT NULL,
  `address2` char(30) CHARACTER SET utf8 COLLATE utf8_general_ci DEFAULT NULL,
  `address3` char(30) CHARACTER SET utf8 COLLATE utf8_general_ci DEFAULT NULL,
  `province` char(30) CHARACTER SET utf8 COLLATE utf8_general_ci DEFAULT NULL,
  `contactPerson` char(50) CHARACTER SET utf8 COLLATE utf8_general_ci DEFAULT NULL,
  `phone` char(15) CHARACTER SET utf8 COLLATE utf8_general_ci DEFAULT NULL,
  `phone2` char(15) CHARACTER SET utf8 COLLATE utf8_general_ci DEFAULT NULL,
  `email` char(50) CHARACTER SET utf8 COLLATE utf8_general_ci DEFAULT NULL,
  `preferredNumber` smallint(6) DEFAULT NULL,
  PRIMARY KEY (`id`)
) ENGINE=MyISAM DEFAULT CHARSET=utf8mb4 COLLATE=utf8mb4_0900_ai_ci;
/*!40101 SET character_set_client = @saved_cs_client */;

--
-- Dumping data for table `auctionclient`
--

LOCK TABLES `auctionclient` WRITE;
/*!40000 ALTER TABLE `auctionclient` DISABLE KEYS */;
INSERT INTO `auctionclient` VALUES ('ADE85','Adena Rich','4150 Rdenari Road','RD11','Timaru','South Canterbury','Adena Rich','(03)475-1010','(021)109-8042','Adena.Rich@emailProvide.co.nz',69),('AIK33','Aiko Swanson','840 Sswanso Road','RD9','Oamaru','North Otago','Aiko Swanson','(03)226-7194','(021)310-3802','Aiko.Swanson@emailProvide.co.nz',49),('ALM34','Alma Fischer','137 Flmaf Road','RD9','Oamaru','North Otago','Alma Fischer','(03)084-9257','(021)868-8482','Alma.Fischer@emailProvide.co.nz',35),('AMA77','Amaya Delaney','963 Dadel Road','RD14','Timaru','South Canterbury','Amaya Delaney','(03)762-9996','(021)177-1024','Amaya.Delaney@emailProvide.co.nz',NULL),('AMI90','Amity Chapman','4150 Cchapm Road','RD12','Timaru','South Canterbury','Amity Chapman','(03)675-2988','(021)313-6188','Amity.Chapman@emailProvide.co.nz',NULL),('ANA20','Anastasia Delgado','4810 Dasiadelg Road','RD11','Oamaru','North Otago','Anastasia Delgado','(03)674-0891','(021)252-9054','Anastasia.Delgado@emailProvide.co.nz',NULL),('ANA22','Anastasia Trading','2025 Mtasiat Road','RD10','Oamaru','North Otago','Anastasia Mckinney','(03)505-3328','(021)260-6630','Anastasia.Trading@emailProvide.co.nz',79),('ANG84','Angela Preston','1647 Pelaprest Road','RD10','Timaru','South Canterbury','Angela Preston','(03)011-4590','(021)554-4582','Angela.Preston@emailProvide.co.nz',31),('ARM79','Armand Cannon','3042 Candcanno Road','RD11','Timaru','South Canterbury','Armand Cannon','(03)643-7010','(021)603-4563','Armand.Cannon@emailProvide.co.nz',NULL),('ASP43','Aspen Wilkerson','1333 Wspenwilk Road','RD5','Oamaru','North Otago','Aspen Wilkerson','(03)951-6071','(021)928-6857','Aspen.Wilkerson@emailProvide.co.nz',NULL),('AUT58','Autumn Mooney','626 Mumnmoone Road','RD13','Waimate','South Canterbury','Autumn Mooney','(03)493-7738','(021)483-5527','Autumn.Mooney@emailProvide.co.nz',75),('AYA18','Ayala Farms','1947 Aalafa Road','RD6','Oamaru','North Otago','Remedios Ayala','(03)095-9008','(021)285-8981','Ayala.Farms@emailProvide.co.nz',40),('BAR45','Barrett Fuller','3421 Frrettf Road','RD8','Oamaru','North Otago','Barrett Fuller','(03)886-8586','(021)286-6582','Barrett.Fuller@emailProvide.co.nz',NULL),('BAR49','Barclay Barr','2089 Bclayb Road','RD5','Waimate','South Canterbury','Barclay Barr','(03)802-7225','(021)745-2142','Barclay.Barr@emailProvide.co.nz',NULL),('BIA84','Bianca Foster','913 Fiancaf Road','RD12','Timaru','South Canterbury','Bianca Foster','(03)435-0867','(021)656-6917','Bianca.Foster@emailProvide.co.nz',65),('BRE87','Brent Ramirez','2177 Rntrami Road','RD12','Timaru','South Canterbury','Brent Ramirez','(03)358-8312','(021)353-3396','Brent.Ramirez@emailProvide.co.nz',58),('BRI76','Bright Farms','2679 Bightfa Road','RD10','Oamaru','North Otago','Tanya Bright','(03)489-4659','(021)554-4681','Bright.Farms@emailProvide.co.nz',74),('BRO56','Brody Stanley','4381 Sdystanley Road','RD5','Timaru','South Canterbury','Brody Stanley','(03)476-7728','(021)266-5114','Brody.Stanley@emailProvide.co.nz',70),('BUR94','Burch Farms','3685 Burchfar Road','RD4','Oamaru','North Otago','Dana Burch','(03)099-8020','(021)524-7117','Burch.Farms@emailProvide.co.nz',41),('CAM40','Camden Hatfield','3276 Hamdenhatf Road','RD13','Timaru','South Canterbury','Camden Hatfield','(03)420-8856','(021)947-4638','Camden.Hatfield@emailProvide.co.nz',62),('CAR58','Carr Farms','4404 Cfarms Road','RD6','Timaru','South Canterbury','Xenos Carr','(03)197-5936','(021)320-9170','Carr.Farms@emailProvide.co.nz',43),('CEC74','Cecilia Trading','2439 Ailiat Road','RD12','Waimate','South Canterbury','Cecilia Alexander','(03)092-1449','(021)139-1323','Cecilia.Trading@emailProvide.co.nz',37),('CED89','Cedric Cummings','2780 Cedric Road','RD11','Timaru','South Canterbury','Cedric Cummings','(03)773-1477','(021)395-3023','Cedric.Cummings@emailProvide.co.nz',NULL),('CHA55','Chase Mccormick','2246 Msemc Road','RD12','Timaru','South Canterbury','Chase Mccormick','(03)919-2133','(021)238-5471','Chase.Mccormick@emailProvide.co.nz',NULL),('CHA61','Chadwick Trading','3673 Jwickt Road','RD9','Waimate','South Canterbury','Chadwick Jackson','(03)206-4110','(021)785-5968','Chadwick.Trading@emailProvide.co.nz',44),('CHE54','Cherry Farms','465 Cyfarm Road','RD11','Timaru','South Canterbury','Alvin Cherry','(03)026-9560','(021)981-7659','Cherry.Farms@emailProvide.co.nz',33),('DAL10','Dalton Farms','1266 Donfa Road','RD5','Timaru','South Canterbury','Casey Dalton','(03)226-9059','(021)512-8405','Dalton.Farms@emailProvide.co.nz',50),('DAM54','Damian Rollins','3392 Rnrollin Road','RD13','Oamaru','North Otago','Damian Rollins','(03)088-9100','(021)260-6836','Damian.Rollins@emailProvide.co.nz',36),('DAN83','Daniel Farms','4250 Dielfa Road','RD7','Oamaru','North Otago','Geraldine Daniel','(03)164-8667','(021)241-5183','Daniel.Farms@emailProvide.co.nz',42),('DEA33','Deacon Walsh','4903 Wonwalsh Road','RD9','Timaru','South Canterbury','Deacon Walsh','(03)290-2043','(021)982-9212','Deacon.Walsh@emailProvide.co.nz',53),('DIL15','Dillard Farms','307 Dillardf Road','RD5','Timaru','South Canterbury','Eaton Dillard','(03)504-5836','(021)984-2181','Dillard.Farms@emailProvide.co.nz',78),('ECH84','Echo Simon','1909 Sosimon Road','RD8','Oamaru','North Otago','Echo Simon','(03)771-2424','(021)755-7806','Echo.Simon@emailProvide.co.nz',NULL),('EDE14','Eden Arnold','700 Aenarnold Road','RD14','Timaru','South Canterbury','Eden Arnold','(03)585-1950','(021)228-8001','Eden.Arnold@emailProvide.co.nz',NULL),('ELT41','Elton Trading','1020 Mltontra Road','RD4','Oamaru','North Otago','Elton Mckee','(03)485-0734','(021)410-9178','Elton.Trading@emailProvide.co.nz',72),('EME54','Emery Mendoza','953 Mrymendo Road','RD10','Oamaru','North Otago','Emery Mendoza','(03)599-0790','(021)847-8890','Emery.Mendoza@emailProvide.co.nz',NULL),('EVE64','Everett Farms','653 Erettfarm Road','RD12','Waimate','South Canterbury','Maxine Everett','(03)559-9273','(021)911-6160','Everett.Farms@emailProvide.co.nz',NULL),('FIT70','Fitzpatrick Farms','4528 Fpatrickf Road','RD4','Timaru','South Canterbury','Ferris Fitzpatrick','(03)634-4400','(021)321-2800','Fitzpatrick.Farms@emailProvide.co.nz',NULL),('FRA57','Francesca Holland','327 Hcesca Road','RD5','Timaru','South Canterbury','Francesca Holland','(03)565-2287','(021)963-9317','Francesca.Holland@emailProvide.co.nz',NULL),('GAN56','Gannon Trading','3361 Bnnontradi Road','RD7','Oamaru','North Otago','Gannon Battle','(03)358-7914','(021)710-1279','Gannon.Trading@emailProvide.co.nz',57),('GER44','Germane Blackburn','3046 Brmane Road','RD15','Ashburton','Mid Canterbury','Germane Blackburn','(03)527-0752','(021)608-1879','Germane.Blackburn@emailProvide.co.nz',85),('GIL21','Gill Farms','1960 Gfarms Road','RD11','Timaru','South Canterbury','Igor Gill','(03)891-4722','(021)335-7845','Gill.Farms@emailProvide.co.nz',NULL),('GRA33','Grady Blevins','1814 Byble Road','RD12','Oamaru','North Otago','Grady Blevins','(03)883-3196','(021)253-9109','Grady.Blevins@emailProvide.co.nz',NULL),('HAN72','Hanna Collier','4500 Ccollier Road','RD9','Waimate','South Canterbury','Hanna Collier','(03)762-0483','(021)576-1295','Hanna.Collier@emailProvide.co.nz',NULL),('HAR50','Hardin Farms','491 Hdinfa Road','RD10','Oamaru','North Otago','Lani Hardin','(03)525-1909','(021)571-7599','Hardin.Farms@emailProvide.co.nz',84),('HAS41','Hasad Harrington','2424 Hasadhar Road','RD10','Ashburton','Mid Canterbury','Hasad Harrington','(03)495-3350','(021)335-9858','Hasad.Harrington@emailProvide.co.nz',76),('HER18','Hermione Compton','1839 Conecompto Road','RD6','Waimate','South Canterbury','Hermione Compton','(03)094-7221','(021)630-8131','Hermione.Compton@emailProvide.co.nz',38),('HUM53','Humphrey Farms','4635 Humphreyfa Road','RD6','Waimate','South Canterbury','Carson Humphrey','(03)551-7583','(021)969-2908','Humphrey.Farms@emailProvide.co.nz',NULL),('ILL32','Illiana Garner','1592 Glianagar Road','RD9','Waimate','South Canterbury','Illiana Garner','(03)523-7558','(021)212-1231','Illiana.Garner@emailProvide.co.nz',83),('ILL83','Illiana Maldonado','187 Mllianamal Road','RD7','Waimate','South Canterbury','Illiana Maldonado','(03)396-2283','(021)711-2979','Illiana.Maldonado@emailProvide.co.nz',60),('INA96','Ina Trading','4383 Batrading Road','RD11','Ashburton','Mid Canterbury','Ina Boyd','(03)507-7772','(021)779-6718','Ina.Trading@emailProvide.co.nz',80),('IRM34','Irma Trading','720 Matradin Road','RD10','Waimate','South Canterbury','Irma Mcbride','(03)230-0136','(021)965-3131','Irma.Trading@emailProvide.co.nz',51),('ISA52','Isadora Mcintyre','3401 Msador Road','RD12','Oamaru','North Otago','Isadora Mcintyre','(03)828-3525','(021)943-9513','Isadora.Mcintyre@emailProvide.co.nz',NULL),('IVY25','Ivy Morrison','4503 Mvymor Road','RD14','Oamaru','North Otago','Ivy Morrison','(03)768-4543','(021)772-6445','Ivy.Morrison@emailProvide.co.nz',NULL),('JAN29','Jana Brown','4965 Bbrown Road','RD7','Oamaru','North Otago','Jana Brown','(03)666-8339','(021)531-6471','Jana.Brown@emailProvide.co.nz',NULL),('JIM52','Jimenez Farms','1848 Jimenez Road','RD7','Oamaru','North Otago','Dillon Jimenez','(03)555-4967','(021)516-1393','Jimenez.Farms@emailProvide.co.nz',NULL),('JOC56','Jocelyn Dickson','742 Dlynd Road','RD6','Timaru','South Canterbury','Jocelyn Dickson','(03)454-5318','(021)546-7391','Jocelyn.Dickson@emailProvide.co.nz',66),('JUL45','Juliet Hayes','4215 Hetha Road','RD13','Oamaru','North Otago','Juliet Hayes','(03)535-8097','(021)961-7593','Juliet.Hayes@emailProvide.co.nz',86),('KAR29','Kareem Buchanan','910 Bembuchana Road','RD14','Oamaru','North Otago','Kareem Buchanan','(03)632-2618','(021)695-9191','Kareem.Buchanan@emailProvide.co.nz',NULL),('KAU93','Kaufman Farms','1645 Kfmanfar Road','RD14','Timaru','South Canterbury','Fatima Kaufman','(03)683-1732','(021)146-6029','Kaufman.Farms@emailProvide.co.nz',NULL),('KAY61','Kaye Robinson','1427 Rrobinson Road','RD9','Timaru','South Canterbury','Kaye Robinson','(03)474-4656','(021)159-8973','Kaye.Robinson@emailProvide.co.nz',68),('KIR77','Kirk Cameron','3507 Ckcamer Road','RD4','Timaru','South Canterbury','Kirk Cameron','(03)015-1740','(021)799-3340','Kirk.Cameron@emailProvide.co.nz',32),('KYL15','Kylynn Trading','953 Slynntr Road','RD12','Oamaru','North Otago','Kylynn Santos','(03)033-2516','(021)760-4269','Kylynn.Trading@emailProvide.co.nz',34),('LEE46','Lee Chase','3924 Cchase Road','RD5','Oamaru','North Otago','Lee Chase','(03)390-2387','(021)762-7644','Lee.Chase@emailProvide.co.nz',59),('LES38','Lester Hayes','4177 Hterhayes Road','RD5','Oamaru','North Otago','Lester Hayes','(03)918-1908','(021)468-4405','Lester.Hayes@emailProvide.co.nz',NULL),('LEV53','Lev Michael','2538 Mvmich Road','RD13','Waimate','South Canterbury','Lev Michael','(03)858-0638','(021)131-4734','Lev.Michael@emailProvide.co.nz',NULL),('MAC97','Macdonald Farms','1925 Mcdonald Road','RD4','Waimate','South Canterbury','Yvette Macdonald','(03)497-7464','(021)242-3216','Macdonald.Farms@emailProvide.co.nz',77),('MAD58','Madaline Trading','3665 Falinetra Road','RD8','Timaru','South Canterbury','Madaline Farmer','(03)744-0830','(021)389-2475','Madaline.Trading@emailProvide.co.nz',NULL),('MAD86','Madonna Valencia','3805 Vnnaval Road','RD7','Oamaru','North Otago','Madonna Valencia','(03)651-6332','(021)332-6106','Madonna.Valencia@emailProvide.co.nz',NULL),('MAR13','Mary Trading','1812 Mytradi Road','RD6','Oamaru','North Otago','Mary Maxwell','(03)769-0601','(021)784-4846','Mary.Trading@emailProvide.co.nz',NULL),('MAR64','Marshall Leach','1572 Lrshalllea Road','RD10','Oamaru','North Otago','Marshall Leach','(03)357-4050','(021)548-9789','Marshall.Leach@emailProvide.co.nz',56),('MAR82','Marks Farms','2781 Mksfa Road','RD11','Oamaru','North Otago','Jescie Marks','(03)487-6821','(021)894-1904','Marks.Farms@emailProvide.co.nz',73),('MCK18','Mckee Farms','3021 Mckeefarm Road','RD15','Oamaru','North Otago','Alika Mckee','(03)743-2868','(021)908-8911','Mckee.Farms@emailProvide.co.nz',NULL),('MCL46','Mclean Farms','2991 Mcleanfar Road','RD14','Oamaru','North Otago','Ferdinand Mclean','(03)703-9987','(021)923-6612','Mclean.Farms@emailProvide.co.nz',NULL),('MEG54','Meghan Dalton','4912 Dndalt Road','RD11','Timaru','South Canterbury','Meghan Dalton','(03)095-7171','(021)299-3270','Meghan.Dalton@emailProvide.co.nz',39),('MEL94','Melissa Ruiz','2913 Relissar Road','RD5','Ashburton','Mid Canterbury','Melissa Ruiz','(03)224-6947','(021)435-1322','Melissa.Ruiz@emailProvide.co.nz',48),('MUF73','Mufutau Munoz','2234 Mtaumuno Road','RD4','Oamaru','North Otago','Mufutau Munoz','(03)650-5319','(021)329-2206','Mufutau.Munoz@emailProvide.co.nz',NULL),('NER26','Nerea Christian','2798 Cereachri Road','RD5','Oamaru','North Otago','Nerea Christian','(03)787-8960','(021)830-9701','Nerea.Christian@emailProvide.co.nz',NULL),('NOL48','Nola Trading','4886 Vlatrading Road','RD4','Oamaru','North Otago','Nola Vasquez','(03)421-3219','(021)934-7606','Nola.Trading@emailProvide.co.nz',63),('OMA68','Omar Riddle','1786 Rriddle Road','RD4','Oamaru','North Otago','Omar Riddle','(03)352-5610','(021)811-9517','Omar.Riddle@emailProvide.co.nz',55),('OTT26','Otto Trading','4652 Tttotr Road','RD14','Timaru','South Canterbury','Otto Torres','(03)953-9208','(021)741-3241','Otto.Trading@emailProvide.co.nz',NULL),('OTT82','Otto Roman','3915 Rttoroman Road','RD9','Oamaru','North Otago','Otto Roman','(03)591-1272','(021)892-6316','Otto.Roman@emailProvide.co.nz',NULL),('PAU40','Paul Craig','3537 Culcra Road','RD14','Waimate','South Canterbury','Paul Craig','(03)223-7052','(021)645-3165','Paul.Craig@emailProvide.co.nz',47),('PHO88','Phoebe Mcbride','2012 Mbemcbride Road','RD15','Timaru','South Canterbury','Phoebe Mcbride','(03)268-8434','(021)875-9046','Phoebe.Mcbride@emailProvide.co.nz',52),('QUE55','Quentin Miranda','1589 Mentin Road','RD10','Oamaru','North Otago','Quentin Miranda','(03)522-3969','(021)815-3326','Quentin.Miranda@emailProvide.co.nz',82),('QUO44','Quon Trading','1486 Mtrad Road','RD12','Oamaru','North Otago','Quon Mays','(03)897-3825','(021)548-9381','Quon.Trading@emailProvide.co.nz',NULL),('RIG58','Riggs Farms','309 Rgsfarms Road','RD15','Oamaru','North Otago','Yoko Riggs','(03)854-4286','(021)310-9642','Riggs.Farms@emailProvide.co.nz',NULL),('RIN96','Rinah Mcmahon','2329 Mhmcma Road','RD6','Oamaru','North Otago','Rinah Mcmahon','(03)515-2590','(021)837-1814','Rinah.Mcmahon@emailProvide.co.nz',81),('ROA87','Roary Gillespie','1199 Grygill Road','RD8','Oamaru','North Otago','Roary Gillespie','(03)290-3736','(021)530-2849','Roary.Gillespie@emailProvide.co.nz',54),('ROS88','Rosales Farms','2812 Rlesfarm Road','RD14','Oamaru','North Otago','Elizabeth Rosales','(03)414-8115','(021)290-1538','Rosales.Farms@emailProvide.co.nz',61),('SAM65','Samson Pollard','2039 Pnpoll Road','RD15','Ashburton','Mid Canterbury','Samson Pollard','(03)946-9385','(021)783-7149','Samson.Pollard@emailProvide.co.nz',NULL),('STE54','Stephanie Rodriguez','4035 Rhanierodr Road','RD9','Timaru','South Canterbury','Stephanie Rodriguez','(03)568-9203','(021)837-2178','Stephanie.Rodriguez@emailProvide.co.nz',NULL),('SUK96','Suki Golden','3327 Gigolde Road','RD5','Oamaru','North Otago','Suki Golden','(03)827-9773','(021)361-3942','Suki.Golden@emailProvide.co.nz',NULL),('SYD61','Sydnee Ayala','1492 Aeeayal Road','RD5','Oamaru','North Otago','Sydnee Ayala','(03)800-2936','(021)187-4767','Sydnee.Ayala@emailProvide.co.nz',NULL),('URI16','Urielle Davidson','4839 Dielle Road','RD4','Oamaru','North Otago','Urielle Davidson','(03)893-4516','(021)462-3519','Urielle.Davidson@emailProvide.co.nz',NULL),('VAL46','Valenzuela Farms','2415 Vnzuela Road','RD12','Timaru','South Canterbury','Clinton Valenzuela','(03)221-6872','(021)400-9607','Valenzuela.Farms@emailProvide.co.nz',46),('VER19','Vernon Mcgee','2171 Mnmcgee Road','RD14','Waimate','South Canterbury','Vernon Mcgee','(03)429-3306','(021)822-9878','Vernon.Mcgee@emailProvide.co.nz',64),('VIO55','Violet Trading','1094 Gettrading Road','RD7','Oamaru','North Otago','Violet Garner','(03)574-6581','(021)933-6326','Violet.Trading@emailProvide.co.nz',NULL),('WAN55','Wang Riley','3137 Rngrile Road','RD12','Oamaru','North Otago','Wang Riley','(03)464-6413','(021)541-9186','Wang.Riley@emailProvide.co.nz',67),('WHI59','Whitaker Farms','1127 Wtakerfarm Road','RD13','Oamaru','North Otago','Silas Whitaker','(03)210-9623','(021)747-8607','Whitaker.Farms@emailProvide.co.nz',45),('ZEP35','Zephania Houston','4111 Hphania Road','RD15','Oamaru','North Otago','Zephania Houston','(03)483-4793','(021)789-8668','Zephania.Houston@emailProvide.co.nz',71);
/*!40000 ALTER TABLE `auctionclient` ENABLE KEYS */;
UNLOCK TABLES;

--
-- Table structure for table `auctionclientatauction`
--

DROP TABLE IF EXISTS `auctionclientatauction`;
/*!40101 SET @saved_cs_client     = @@character_set_client */;
/*!50503 SET character_set_client = utf8mb4 */;
CREATE TABLE `auctionclientatauction` (
  `auctionId` smallint(6) NOT NULL,
  `clientNumber` smallint(6) NOT NULL,
  `clientID` char(10) CHARACTER SET utf8 COLLATE utf8_general_ci NOT NULL,
  PRIMARY KEY (`auctionId`,`clientNumber`),
  KEY `idx_clientId` (`clientID`,`clientNumber`,`auctionId`)
) ENGINE=MyISAM DEFAULT CHARSET=utf8mb4 COLLATE=utf8mb4_0900_ai_ci;
/*!40101 SET character_set_client = @saved_cs_client */;

--
-- Dumping data for table `auctionclientatauction`
--

LOCK TABLES `auctionclientatauction` WRITE;
/*!40000 ALTER TABLE `auctionclientatauction` DISABLE KEYS */;
INSERT INTO `auctionclientatauction` VALUES (1619,69,'ADE85'),(1620,69,'ADE85'),(1619,49,'AIK33'),(1620,49,'AIK33'),(1619,79,'ANA22'),(1620,79,'ANA22'),(1619,75,'AUT58'),(1620,75,'AUT58'),(1619,40,'AYA18'),(1620,40,'AYA18'),(1619,100,'BAR45'),(1620,130,'BAR45'),(1620,100,'BAR49'),(1619,101,'BAR49'),(1619,65,'BIA84'),(1620,65,'BIA84'),(1619,58,'BRE87'),(1620,58,'BRE87'),(1619,74,'BRI76'),(1620,74,'BRI76'),(1619,70,'BRO56'),(1620,70,'BRO56'),(1619,41,'BUR94'),(1620,41,'BUR94'),(1619,62,'CAM40'),(1620,62,'CAM40'),(1619,43,'CAR58'),(1620,43,'CAR58'),(1619,37,'CEC74'),(1620,37,'CEC74'),(1619,120,'CED89'),(1620,134,'CED89'),(1620,120,'CHA55'),(1619,122,'CHA55'),(1619,42,'DAN83'),(1620,42,'DAN83'),(1619,78,'DIL15'),(1620,78,'DIL15'),(1619,126,'EME54'),(1620,144,'EME54'),(1620,101,'EVE64'),(1619,128,'EVE64'),(1620,87,'FIT70'),(1619,130,'FIT70'),(1619,132,'FRA57'),(1620,148,'FRA57'),(1619,57,'GAN56'),(1620,57,'GAN56'),(1619,85,'GER44'),(1620,85,'GER44'),(1620,136,'GIL21'),(1619,160,'GIL21'),(1619,87,'GRA33'),(1620,138,'GRA33'),(1619,88,'HAN72'),(1620,150,'HAN72'),(1619,84,'HAR50'),(1620,84,'HAR50'),(1619,76,'HAS41'),(1620,76,'HAS41'),(1619,38,'HER18'),(1620,38,'HER18'),(1619,124,'HUM53'),(1620,158,'HUM53'),(1619,60,'ILL83'),(1620,60,'ILL83'),(1619,80,'INA96'),(1620,80,'INA96'),(1619,66,'JOC56'),(1620,66,'JOC56'),(1619,86,'JUL45'),(1620,86,'JUL45'),(1619,32,'KIR77'),(1620,32,'KIR77'),(1619,34,'KYL15'),(1620,34,'KYL15'),(1619,59,'LEE46'),(1620,59,'LEE46'),(1619,134,'LES38'),(1620,154,'LES38'),(1620,126,'LEV53'),(1619,136,'LEV53'),(1619,77,'MAC97'),(1620,77,'MAC97'),(1620,128,'MAD58'),(1619,154,'MAD58'),(1619,156,'MAD86'),(1620,160,'MAD86'),(1620,140,'MAR13'),(1619,158,'MAR13'),(1619,56,'MAR64'),(1620,56,'MAR64'),(1619,73,'MAR82'),(1620,73,'MAR82'),(1620,132,'MCK18'),(1619,150,'MCK18'),(1619,152,'MCL46'),(1620,156,'MCL46'),(1619,39,'MEG54'),(1620,39,'MEG54'),(1619,48,'MEL94'),(1620,48,'MEL94'),(1619,63,'NOL48'),(1620,63,'NOL48'),(1619,54,'ROA87'),(1620,54,'ROA87'),(1619,61,'ROS88'),(1620,61,'ROS88'),(1620,88,'SAM65'),(1619,138,'SAM65'),(1620,124,'STE54'),(1619,140,'STE54'),(1620,122,'SUK96'),(1619,142,'SUK96'),(1620,142,'SYD61'),(1619,144,'SYD61'),(1620,146,'URI16'),(1619,148,'URI16'),(1619,46,'VAL46'),(1620,46,'VAL46'),(1619,64,'VER19'),(1620,64,'VER19'),(1619,146,'VIO55'),(1620,152,'VIO55'),(1619,67,'WAN55'),(1620,67,'WAN55'),(1619,45,'WHI59'),(1620,45,'WHI59'),(1619,71,'ZEP35'),(1620,71,'ZEP35');
/*!40000 ALTER TABLE `auctionclientatauction` ENABLE KEYS */;
UNLOCK TABLES;

--
-- Table structure for table `auctionday`
--

DROP TABLE IF EXISTS `auctionday`;
/*!40101 SET @saved_cs_client     = @@character_set_client */;
/*!50503 SET character_set_client = utf8mb4 */;
CREATE TABLE `auctionday` (
  `id` smallint(6) NOT NULL,
  `auctionDay` date NOT NULL,
  PRIMARY KEY (`id`)
) ENGINE=MyISAM DEFAULT CHARSET=utf8mb4 COLLATE=utf8mb4_0900_ai_ci;
/*!40101 SET character_set_client = @saved_cs_client */;

--
-- Dumping data for table `auctionday`
--

LOCK TABLES `auctionday` WRITE;
/*!40000 ALTER TABLE `auctionday` DISABLE KEYS */;
INSERT INTO `auctionday` VALUES (1619,'2020-08-03'),(1620,'2019-08-10');
/*!40000 ALTER TABLE `auctionday` ENABLE KEYS */;
UNLOCK TABLES;

--
-- Table structure for table `cattleauction`
--

DROP TABLE IF EXISTS `cattleauction`;
/*!40101 SET @saved_cs_client     = @@character_set_client */;
/*!50503 SET character_set_client = utf8mb4 */;
CREATE TABLE `cattleauction` (
  `id` char(5) CHARACTER SET utf8 COLLATE utf8_general_ci NOT NULL,
  `auctionId` smallint(6) DEFAULT NULL,
  `startTime` time NOT NULL,
  PRIMARY KEY (`id`),
  KEY `FK_CattleAuction_AuctionDay` (`auctionId`)
) ENGINE=MyISAM DEFAULT CHARSET=utf8mb4 COLLATE=utf8mb4_0900_ai_ci;
/*!40101 SET character_set_client = @saved_cs_client */;

--
-- Dumping data for table `cattleauction`
--

LOCK TABLES `cattleauction` WRITE;
/*!40000 ALTER TABLE `cattleauction` DISABLE KEYS */;
INSERT INTO `cattleauction` VALUES ('C1619',1619,'11:00:00'),('C1620',1620,'11:00:00');
/*!40000 ALTER TABLE `cattleauction` ENABLE KEYS */;
UNLOCK TABLES;

--
-- Table structure for table `cattlelot`
--

DROP TABLE IF EXISTS `cattlelot`;
/*!40101 SET @saved_cs_client     = @@character_set_client */;
/*!50503 SET character_set_client = utf8mb4 */;
CREATE TABLE `cattlelot` (
  `auctionId` char(5) CHARACTER SET utf8 COLLATE utf8_general_ci NOT NULL,
  `lotNumber` smallint(6) NOT NULL,
  `auctionDay` smallint(6) NOT NULL,
  `seller` smallint(6) NOT NULL,
  `agent` char(10) CHARACTER SET utf8 COLLATE utf8_general_ci NOT NULL,
  `breed` char(20) CHARACTER SET utf8 COLLATE utf8_general_ci NOT NULL,
  `sex` char(1) CHARACTER SET utf8 COLLATE utf8_general_ci NOT NULL,
  `age` tinyint(4) NOT NULL,
  `quantity` tinyint(4) NOT NULL,
  `averageWeight` decimal(6,2) DEFAULT NULL,
  `reserve` decimal(5,2) DEFAULT NULL,
  `auctioneer` char(10) CHARACTER SET utf8 COLLATE utf8_general_ci DEFAULT NULL,
  `buyer` smallint(6) DEFAULT NULL,
  `sellingPricePerKg` decimal(5,2) DEFAULT NULL,
  `lotSellingPrice` decimal(8,2) GENERATED ALWAYS AS (((`quantity` * `averageWeight`) * `sellingPricePerKg`)) VIRTUAL,
  `passedIn` bit(1) DEFAULT NULL,
  PRIMARY KEY (`auctionId`,`lotNumber`),
  KEY `FK_CattleLot_AuctionClientAtAuction_buyer` (`auctionDay`,`buyer`),
  KEY `FK_CattleLot_AuctionClientAtAuction_seller` (`auctionDay`,`seller`),
  KEY `FK_CattleLot_StockAgent_auctioneer` (`auctioneer`),
  KEY `idx_cattlelot` (`agent`,`seller`,`buyer`,`auctionDay`,`lotNumber`,`auctioneer`)
) ENGINE=MyISAM DEFAULT CHARSET=utf8mb4 COLLATE=utf8mb4_0900_ai_ci;
/*!40101 SET character_set_client = @saved_cs_client */;

--
-- Dumping data for table `cattlelot`
--

LOCK TABLES `cattlelot` WRITE;
/*!40000 ALTER TABLE `cattlelot` DISABLE KEYS */;
INSERT INTO `cattlelot` (`auctionId`, `lotNumber`, `auctionDay`, `seller`, `agent`, `breed`, `sex`, `age`, `quantity`, `averageWeight`, `reserve`, `auctioneer`, `buyer`, `sellingPricePerKg`, `passedIn`) VALUES ('C1619',1,1619,57,'P_Jan','Angus','B',2,14,1023.00,NULL,'P_Jan',56,3.17,NULL),('C1619',2,1619,65,'P_Bar','Angus X','S',3,2,901.00,NULL,'F_Ral',56,3.01,NULL),('C1619',3,1619,41,'P_Jan','Hereford','B',2,6,861.00,NULL,'P_Jan',61,3.07,NULL),('C1619',4,1619,41,'P_Jan','Angus','B',2,17,980.00,NULL,'P_Jan',65,3.24,NULL),('C1619',5,1619,78,'D_Dav','Angus X','S',2,8,773.00,NULL,'D_Dav',78,2.70,NULL),('C1619',6,1619,86,'F_Shr','Charolais','H',2,11,764.00,NULL,'F_Ral',65,3.12,NULL),('C1619',7,1619,43,'F_Shr','Fresian','H',2,18,786.00,NULL,'F_Mik',54,2.97,NULL),('C1619',8,1619,87,'P_Bar','Fresian X','B',3,3,652.00,NULL,'P_Jan',65,3.07,NULL),('C1619',9,1619,87,'P_Bar','Angus','S',3,12,617.00,NULL,'P_Jan',46,3.00,NULL),('C1619',10,1619,43,'F_Shr','Angus','S',1,2,818.00,NULL,'F_Mik',65,2.82,NULL),('C1619',11,1619,61,'F_Mic','Beef X','S',1,17,841.00,NULL,'F_Mik',74,3.03,NULL),('C1619',12,1619,86,'F_Shr','Angus','S',2,5,956.00,NULL,'F_Ral',62,2.70,NULL),('C1619',13,1619,58,'P_Jan','Angus X','H',2,7,593.00,NULL,'P_Jan',62,3.47,NULL),('C1619',14,1619,39,'F_Ral','Hereford','B',3,12,1004.00,NULL,'F_Ral',65,3.48,NULL),('C1619',15,1619,85,'F_Leo','Angus','S',3,8,572.00,3.09,'F_Mik',77,3.13,NULL),('C1619',16,1619,39,'F_Ral','Angus X','B',3,14,925.00,NULL,'F_Ral',59,2.74,NULL),('C1619',17,1619,39,'F_Ral','Charolais','B',2,6,590.00,NULL,'F_Ral',46,3.16,NULL),('C1619',18,1619,43,'F_Shr','Fresian','S',2,14,1009.00,NULL,'F_Ral',60,3.48,NULL),('C1619',19,1619,77,'F_Don','Fresian X','H',2,11,869.00,NULL,'F_Don',78,2.73,NULL),('C1619',20,1619,60,'D_Dav','Angus','H',2,7,903.00,NULL,'D_Dav',79,2.78,NULL),('C1619',21,1619,74,'F_Don','Angus','B',4,18,1063.00,NULL,'F_Don',78,2.65,NULL),('C1619',22,1619,70,'P_Bar','Angus','S',4,19,1021.00,NULL,'P_Jan',80,2.93,NULL),('C1619',23,1619,87,'P_Bar','Angus X','S',2,4,749.00,NULL,'P_Jan',61,3.24,NULL),('C1619',24,1619,37,'F_Mic','Hereford','S',3,14,627.00,NULL,'F_Don',48,2.89,NULL),('C1619',25,1619,41,'P_Jan','Angus','S',2,8,1018.00,NULL,'P_Jan',56,2.88,NULL),('C1619',26,1619,38,'P_Jan','Angus X','H',2,16,680.00,NULL,'P_Jan',39,3.45,NULL),('C1619',27,1619,85,'F_Leo','Charolais','B',2,6,669.00,NULL,'F_Mik',60,2.90,NULL),('C1619',28,1619,69,'D_Dav','Fresian','S',2,5,675.00,NULL,'D_Dav',61,3.50,NULL),('C1619',29,1619,69,'D_Dav','Fresian X','B',2,9,1007.00,NULL,'D_Dav',61,2.87,NULL),('C1619',30,1619,41,'P_Jan','Angus','B',3,3,996.00,NULL,'P_Jan',66,2.93,NULL),('C1619',31,1619,69,'D_Dav','Angus','S',3,9,850.00,NULL,'D_Dav',62,2.75,NULL),('C1619',32,1619,69,'D_Dav','Angus','H',1,17,894.00,NULL,'D_Dav',59,2.88,NULL),('C1619',33,1619,88,'F_Mik','Angus X','H',1,15,618.00,NULL,'F_Mik',75,2.78,NULL),('C1619',34,1619,58,'P_Jan','Hereford','B',2,12,598.00,NULL,'P_Jan',63,2.66,NULL),('C1619',35,1619,69,'D_Dav','Angus','S',2,6,854.00,NULL,'D_Dav',60,2.63,NULL),('C1619',36,1619,65,'P_Bar','Angus X','S',3,19,1084.00,NULL,'F_Ral',60,3.50,NULL),('C1619',37,1619,87,'P_Bar','Charolais','S',3,4,624.00,NULL,'P_Jan',79,3.29,NULL),('C1619',38,1619,61,'F_Mic','Fresian','S',3,8,659.00,NULL,'F_Mik',66,2.61,NULL),('C1619',39,1619,41,'P_Jan','Fresian X','H',2,7,563.00,3.47,'P_Jan',62,NULL,_binary ''),('C1619',40,1619,58,'P_Jan','Angus','B',2,5,992.00,NULL,'P_Jan',54,2.98,NULL),('C1619',41,1619,60,'D_Dav','Angus','S',2,20,751.00,NULL,'D_Dav',56,2.72,NULL),('C1619',42,1619,42,'F_Don','Angus','B',2,6,677.00,NULL,'F_Don',60,3.16,NULL),('C1619',43,1619,32,'P_Lis','Angus X','B',4,2,829.00,NULL,'P_Jan',79,3.35,NULL),('C1619',44,1619,37,'F_Mic','Hereford','S',2,20,970.00,NULL,'F_Don',74,3.39,NULL),('C1619',45,1619,86,'F_Shr','Angus','H',3,7,545.00,NULL,'F_Mik',80,3.10,NULL),('C1619',46,1619,65,'P_Bar','Angus X','H',2,14,844.00,NULL,'F_Ral',61,2.97,NULL),('C1619',49,1619,101,'F_Dav','Fresian X','S',2,6,694.00,NULL,'F_Mik',62,2.71,NULL),('C1619',50,1619,84,'F_Shr','Angus','S',2,2,949.00,NULL,'F_Ral',62,2.70,NULL),('C1619',51,1619,42,'F_Don','Angus','S',3,9,891.00,NULL,'F_Don',78,3.24,NULL),('C1619',52,1619,42,'F_Don','Angus','H',3,11,688.00,NULL,'F_Don',63,3.36,NULL),('C1619',53,1619,65,'P_Bar','Angus X','B',1,5,677.00,NULL,'F_Ral',65,2.92,NULL),('C1619',54,1619,78,'D_Dav','Hereford','S',1,9,993.00,NULL,'D_Dav',79,2.63,NULL),('C1619',55,1619,43,'F_Shr','Angus','B',2,2,959.00,NULL,'F_Ral',75,2.67,NULL),('C1619',56,1619,87,'P_Bar','Angus X','B',2,1,530.00,NULL,'P_Jan',62,2.83,NULL),('C1619',57,1619,78,'D_Dav','Charolais','S',3,4,602.00,NULL,'D_Dav',61,2.65,NULL),('C1619',58,1619,84,'F_Shr','Fresian','H',3,11,569.00,3.30,'F_Ral',80,NULL,_binary ''),('C1619',59,1619,58,'P_Jan','Fresian X','H',3,14,864.00,NULL,'P_Jan',80,3.06,NULL),('C1619',60,1619,76,'D_Big','Angus','B',2,3,577.00,NULL,'D_Big',62,3.36,NULL),('C1619',61,1619,39,'F_Ral','Angus','S',2,8,617.00,NULL,'F_Ral',48,3.24,NULL),('C1619',62,1619,88,'F_Mik','Angus','S',2,20,558.00,2.47,'F_Mik',61,2.73,NULL),('C1619',63,1619,88,'F_Mik','Angus X','S',2,12,766.00,NULL,'F_Mik',56,3.28,NULL),('C1619',64,1619,85,'F_Leo','Hereford','S',4,5,930.00,NULL,'F_Mik',48,2.82,NULL),('C1619',65,1619,59,'D_Dav','Angus','H',2,16,1100.00,NULL,'D_Dav',64,3.03,NULL),('C1619',66,1619,32,'P_Lis','Angus X','B',3,8,944.00,NULL,'P_Jan',65,3.21,NULL),('C1619',67,1619,101,'F_Dav','Charolais','S',2,5,1088.00,NULL,'F_Mik',77,3.17,NULL),('C1619',68,1619,57,'P_Jan','Fresian','B',2,3,948.00,NULL,'P_Jan',48,3.34,NULL),('C1619',69,1619,60,'D_Dav','Fresian X','B',2,9,520.00,NULL,'D_Dav',79,2.84,NULL),('C1619',70,1619,40,'F_Dav','Angus','S',2,9,867.00,NULL,'F_Don',63,2.71,NULL),('C1619',71,1619,49,'F_Mik','Angus','H',2,4,506.00,NULL,'F_Mik',64,2.96,NULL),('C1619',72,1619,32,'P_Lis','Angus','H',3,5,1065.00,NULL,'P_Jan',61,3.07,NULL),('C1619',73,1619,58,'P_Jan','Angus X','B',3,10,915.00,NULL,'P_Jan',63,2.60,NULL),('C1619',74,1619,65,'P_Bar','Hereford','S',1,4,831.00,NULL,'F_Ral',75,2.72,NULL),('C1619',75,1619,39,'F_Ral','Angus','S',1,14,923.00,NULL,'F_Ral',73,3.00,NULL),('C1619',76,1619,38,'P_Jan','Angus X','S',2,18,653.00,NULL,'P_Jan',60,3.17,NULL),('C1619',77,1619,41,'P_Jan','Charolais','S',2,13,909.00,NULL,'P_Jan',39,2.88,NULL),('C1619',78,1619,58,'P_Jan','Fresian','H',3,7,680.00,NULL,'P_Jan',65,2.92,NULL),('C1619',79,1619,58,'P_Jan','Fresian X','B',3,1,507.00,NULL,'P_Jan',66,3.28,NULL),('C1619',80,1619,39,'F_Ral','Angus','S',3,15,814.00,NULL,'F_Ral',54,3.26,NULL),('C1619',81,1619,61,'F_Mic','Angus','B',2,7,788.00,NULL,'F_Mik',77,3.49,NULL),('C1619',82,1619,43,'F_Shr','Angus','B',2,12,710.00,NULL,'F_Mik',65,3.01,NULL),('C1619',83,1619,43,'F_Shr','Angus X','S',2,3,904.00,NULL,'F_Mik',64,3.45,NULL),('C1619',84,1619,41,'P_Jan','Hereford','H',2,9,568.00,1.61,'P_Jan',65,2.61,NULL),('C1619',85,1619,86,'F_Shr','Angus','H',4,5,876.00,NULL,'F_Ral',63,2.66,NULL),('C1619',86,1619,101,'F_Dav','Angus X','B',2,14,585.00,NULL,'F_Mik',65,3.46,NULL),('C1619',87,1619,43,'F_Shr','Charolais','S',3,20,786.00,NULL,'F_Mik',46,2.88,NULL),('C1619',88,1619,34,'F_Mic','Fresian','S',2,7,985.00,NULL,'F_Don',48,3.25,NULL),('C1619',89,1619,84,'F_Shr','Fresian X','S',2,2,1096.00,NULL,'F_Ral',63,3.04,NULL),('C1619',90,1619,41,'P_Jan','Angus','S',2,11,755.00,NULL,'P_Jan',79,3.16,NULL),('C1619',91,1619,58,'P_Jan','Angus','H',2,9,729.00,NULL,'P_Jan',73,2.93,NULL),('C1619',92,1619,86,'F_Shr','Angus','B',2,2,997.00,NULL,'F_Ral',74,3.21,NULL),('C1619',93,1619,61,'F_Mic','Angus X','S',3,10,583.00,NULL,'F_Mik',61,3.04,NULL),('C1619',94,1619,85,'F_Leo','Hereford','B',3,8,571.00,3.42,'F_Mik',59,3.48,NULL),('C1619',95,1619,69,'D_Dav','Angus','B',1,8,889.00,NULL,'D_Dav',46,3.25,NULL),('C1619',96,1619,65,'P_Bar','Angus X','S',1,14,901.00,NULL,'F_Ral',74,2.91,NULL),('C1619',97,1619,62,'P_Lis','Charolais','H',2,15,923.00,NULL,'P_Jan',59,2.71,NULL),('C1619',98,1619,86,'F_Shr','Fresian','H',2,11,629.00,NULL,'F_Ral',54,3.18,NULL),('C1619',99,1619,60,'D_Dav','Fresian X','B',3,13,576.00,NULL,'D_Dav',80,3.37,NULL),('C1619',101,1619,34,'F_Mic','Angus','S',3,2,789.00,NULL,'F_Don',56,3.09,NULL),('C1619',102,1619,60,'D_Dav','Angus','S',2,4,617.00,NULL,'D_Dav',39,2.97,NULL),('C1619',103,1619,57,'P_Jan','Angus X','S',2,3,1061.00,NULL,'P_Jan',73,2.62,NULL),('C1619',104,1619,40,'F_Dav','Hereford','H',2,2,630.00,NULL,'F_Don',64,3.15,NULL),('C1619',105,1619,40,'F_Dav','Angus','B',2,9,735.00,NULL,'F_Don',75,2.89,NULL),('C1619',106,1619,59,'D_Dav','Angus X','S',4,8,556.00,2.31,'D_Dav',66,2.73,NULL),('C1619',107,1619,39,'F_Ral','Charolais','B',2,15,534.00,NULL,'F_Ral',66,3.39,NULL),('C1619',108,1619,100,'F_Leo','Fresian','B',3,4,950.00,NULL,'F_Don',60,2.74,NULL),('C1619',110,1619,70,'P_Bar','Angus','H',2,20,502.00,NULL,'P_Jan',48,3.44,NULL),('C1619',111,1619,42,'F_Don','Angus','H',2,12,549.00,2.80,'F_Don',46,3.35,NULL),('C1619',112,1619,101,'F_Dav','Angus','B',2,9,733.00,NULL,'F_Mik',62,3.25,NULL),('C1619',113,1619,87,'P_Bar','Angus X','S',2,16,771.00,NULL,'P_Jan',61,2.92,NULL),('C1619',114,1619,57,'P_Jan','Hereford','S',3,19,601.00,NULL,'P_Jan',66,2.78,NULL),('C1619',115,1619,101,'F_Dav','Angus','S',3,20,730.00,NULL,'F_Mik',74,3.16,NULL),('C1619',116,1619,58,'P_Jan','Angus X','S',1,19,931.00,NULL,'P_Jan',74,3.08,NULL),('C1619',117,1619,70,'P_Bar','Charolais','H',1,8,643.00,NULL,'P_Jan',61,3.05,NULL),('C1619',118,1619,74,'F_Don','Fresian','B',2,12,1049.00,NULL,'F_Don',77,2.64,NULL),('C1619',119,1619,39,'F_Ral','Fresian X','S',2,4,614.00,NULL,'F_Ral',65,3.14,NULL),('C1619',121,1619,88,'F_Mik','Angus','B',3,3,634.00,NULL,'F_Mik',54,3.07,NULL),('C1619',122,1619,57,'P_Jan','Angus','S',3,16,987.00,NULL,'P_Jan',62,2.75,NULL),('C1619',123,1619,69,'D_Dav','Angus X','H',2,2,587.00,NULL,'D_Dav',65,3.06,NULL),('C1619',124,1619,38,'P_Jan','Hereford','H',2,4,529.00,NULL,'P_Jan',63,3.41,NULL),('C1619',125,1619,38,'P_Jan','Angus','B',2,16,851.00,NULL,'P_Jan',54,3.25,NULL),('C1619',126,1619,57,'P_Jan','Angus X','S',2,1,983.00,NULL,'P_Jan',48,3.43,NULL),('C1619',127,1619,84,'F_Shr','Charolais','S',4,5,764.00,NULL,'F_Ral',61,3.44,NULL),('C1619',128,1619,41,'P_Jan','Fresian','S',2,3,732.00,NULL,'P_Jan',66,3.11,NULL),('C1619',129,1619,61,'F_Mic','Fresian X','S',3,3,825.00,NULL,'F_Mik',56,3.48,NULL),('C1619',130,1619,87,'P_Bar','Angus','H',2,1,929.00,NULL,'P_Jan',77,2.98,NULL),('C1619',131,1619,59,'D_Dav','Angus','B',2,3,548.00,1.83,'D_Dav',59,2.77,NULL),('C1619',132,1619,40,'F_Dav','Angus','S',2,4,673.00,NULL,'F_Don',66,2.86,NULL),('C1619',133,1619,88,'F_Mik','Angus X','B',2,7,804.00,NULL,'F_Mik',63,2.83,NULL),('C1619',134,1619,43,'F_Shr','Hereford','B',2,2,655.00,NULL,'F_Mik',78,2.62,NULL),('C1619',135,1619,69,'D_Dav','Angus','S',3,15,536.00,NULL,'D_Dav',62,2.70,NULL),('C1619',136,1619,88,'F_Mik','Angus X','H',3,10,687.00,NULL,'F_Mik',66,3.30,NULL),('C1619',137,1619,84,'F_Shr','Charolais','H',1,18,611.00,NULL,'F_Ral',73,3.17,NULL),('C1619',138,1619,39,'F_Ral','Fresian','B',1,2,1035.00,NULL,'F_Ral',66,3.38,NULL),('C1619',139,1619,65,'P_Bar','Fresian X','S',2,9,703.00,NULL,'F_Ral',77,2.95,NULL),('C1619',140,1619,70,'P_Bar','Angus','S',2,8,790.00,NULL,'P_Jan',46,2.85,NULL),('C1619',141,1619,38,'P_Jan','Angus','S',3,5,985.00,NULL,'P_Jan',63,2.82,NULL),('C1619',142,1619,87,'P_Bar','Angus','S',3,6,685.00,NULL,'P_Jan',66,3.26,NULL),('C1619',143,1619,41,'P_Jan','Angus X','H',3,20,505.00,NULL,'P_Jan',61,3.13,NULL),('C1619',144,1619,43,'F_Shr','Hereford','B',2,3,945.00,NULL,'F_Ral',61,2.66,NULL),('C1619',145,1619,86,'F_Shr','Angus','S',2,9,669.00,NULL,'F_Ral',39,2.94,NULL),('C1619',146,1619,65,'P_Bar','Angus X','B',2,7,726.00,NULL,'F_Ral',77,3.25,NULL),('C1619',147,1619,43,'F_Shr','Charolais','B',2,9,877.00,NULL,'F_Mik',61,3.18,NULL),('C1619',148,1619,85,'F_Leo','Fresian','S',4,5,914.00,NULL,'F_Mik',79,3.14,NULL),('C1619',149,1619,42,'F_Don','Fresian X','H',2,2,1004.00,NULL,'F_Don',56,2.92,NULL),('C1619',150,1619,40,'F_Dav','Angus','H',3,20,952.00,NULL,'F_Don',61,2.80,NULL),('C1619',151,1619,38,'P_Jan','Angus','B',2,20,689.00,NULL,'P_Jan',65,2.61,NULL),('C1619',152,1619,43,'F_Shr','Angus','S',2,13,614.00,NULL,'F_Mik',61,3.36,NULL),('C1619',153,1619,101,'F_Dav','Angus X','S',2,1,662.00,NULL,'F_Mik',79,3.04,NULL),('C1619',154,1619,39,'F_Ral','Hereford','S',2,3,723.00,NULL,'F_Ral',62,3.25,NULL),('C1619',155,1619,77,'F_Don','Angus','S',2,13,912.00,NULL,'F_Don',80,2.97,NULL),('C1619',156,1619,58,'P_Jan','Angus X','H',3,15,994.00,NULL,'P_Jan',74,3.24,NULL),('C1619',157,1619,40,'F_Dav','Charolais','B',3,15,834.00,NULL,'F_Don',73,3.43,NULL),('C1619',158,1619,58,'P_Jan','Fresian','S',1,5,816.00,NULL,'P_Jan',66,3.29,NULL),('C1619',159,1619,78,'D_Dav','Fresian X','B',1,7,1019.00,NULL,'D_Dav',75,2.62,NULL),('C1619',160,1619,61,'F_Mic','Angus','B',2,17,1088.00,NULL,'F_Mik',54,2.62,NULL),('C1619',161,1619,59,'D_Dav','Angus','S',2,4,930.00,NULL,'D_Dav',56,3.13,NULL),('C1619',162,1619,101,'F_Dav','Angus','H',3,12,611.00,NULL,'F_Mik',61,3.19,NULL),('C1619',163,1619,32,'P_Lis','Angus X','H',3,4,1068.00,NULL,'P_Jan',65,2.73,NULL),('C1619',164,1619,86,'F_Shr','Hereford','B',3,16,860.00,NULL,'F_Ral',39,2.99,NULL),('C1619',165,1619,41,'P_Jan','Angus','S',2,12,981.00,NULL,'P_Jan',60,3.46,NULL),('C1619',166,1619,74,'F_Don','Angus X','S',2,10,582.00,NULL,'F_Don',64,3.43,NULL),('C1619',167,1619,49,'F_Mik','Charolais','S',2,15,582.00,NULL,'F_Mik',60,2.68,NULL),('C1619',168,1619,60,'D_Dav','Fresian','S',2,10,1063.00,NULL,'D_Dav',61,2.87,NULL),('C1619',169,1619,85,'F_Leo','Fresian X','H',4,4,1070.00,NULL,'F_Mik',74,3.42,NULL),('C1619',170,1619,34,'F_Mic','Angus','B',2,2,573.00,1.99,'F_Don',56,2.88,NULL),('C1619',171,1619,78,'D_Dav','Angus','S',3,4,996.00,NULL,'D_Dav',66,2.78,NULL),('C1619',172,1619,74,'F_Don','Angus','B',2,2,718.00,NULL,'F_Don',66,2.77,NULL),('C1619',173,1619,43,'F_Shr','Angus X','B',2,11,855.00,NULL,'F_Mik',46,3.38,NULL),('C1619',174,1619,43,'F_Shr','Hereford','S',2,18,503.00,NULL,'F_Mik',75,2.94,NULL),('C1619',175,1619,100,'F_Leo','Angus','H',2,13,656.00,NULL,'F_Don',78,2.83,NULL),('C1619',176,1619,38,'P_Jan','Angus X','H',2,11,526.00,NULL,'P_Jan',46,3.18,NULL),('C1619',177,1619,76,'D_Big','Charolais','B',3,8,560.00,2.49,'D_Big',48,2.64,NULL),('C1619',178,1619,88,'F_Mik','Fresian','S',3,18,815.00,NULL,'F_Mik',78,2.85,NULL),('C1619',179,1619,58,'P_Jan','Fresian X','S',1,1,731.00,NULL,'P_Jan',75,3.39,NULL),('C1619',180,1619,86,'F_Shr','Angus','S',1,6,1092.00,NULL,'F_Ral',62,2.71,NULL),('C1619',181,1619,85,'F_Leo','Angus','S',2,13,678.00,NULL,'F_Mik',60,3.50,NULL),('C1619',182,1619,61,'F_Mic','Angus','H',2,5,559.00,3.01,'F_Mik',66,NULL,_binary ''),('C1619',183,1619,69,'D_Dav','Angus X','B',3,3,1024.00,NULL,'D_Dav',74,2.84,NULL),('C1619',184,1619,37,'F_Mic','Hereford','S',3,19,528.00,NULL,'F_Mik',59,3.38,NULL),('C1619',185,1619,43,'F_Shr','Angus','B',3,4,739.00,NULL,'F_Mik',79,3.34,NULL),('C1619',186,1619,58,'P_Jan','Angus X','B',2,10,882.00,NULL,'P_Jan',77,3.15,NULL),('C1619',187,1619,49,'F_Mik','Charolais','S',2,2,1074.00,NULL,'F_Mik',78,2.70,NULL),('C1619',188,1619,69,'D_Dav','Fresian','H',2,3,977.00,NULL,'D_Dav',63,3.45,NULL),('C1619',189,1619,77,'F_Don','Fresian X','H',2,2,1017.00,NULL,'F_Don',39,3.27,NULL),('C1619',190,1619,78,'D_Dav','Angus','B',4,17,880.00,NULL,'D_Dav',61,2.64,NULL),('C1619',191,1619,58,'P_Jan','Angus','S',2,13,945.00,NULL,'P_Jan',61,3.43,NULL),('C1619',192,1619,76,'D_Big','Angus','S',3,16,520.00,NULL,'D_Big',61,2.92,NULL),('C1619',193,1619,76,'D_Big','Angus X','S',2,7,1034.00,NULL,'D_Big',79,3.21,NULL),('C1619',194,1619,74,'F_Don','Hereford','S',2,5,1055.00,NULL,'F_Don',79,2.87,NULL),('C1619',195,1619,62,'P_Lis','Angus','H',2,13,693.00,NULL,'P_Jan',46,2.77,NULL),('C1619',196,1619,65,'P_Bar','Angus X','B',2,9,1024.00,NULL,'F_Ral',61,3.28,NULL),('C1619',197,1619,100,'F_Leo','Charolais','S',2,15,726.00,NULL,'F_Don',63,2.96,NULL),('C1619',198,1619,62,'P_Lis','Fresian','B',3,3,675.00,NULL,'P_Jan',56,2.73,NULL),('C1619',199,1619,41,'P_Jan','Fresian X','B',3,9,513.00,NULL,'P_Jan',46,3.20,NULL),('C1619',200,1619,69,'D_Dav','Angus','S',1,9,615.00,NULL,'D_Dav',65,3.30,NULL),('C1619',201,1619,62,'P_Lis','Angus','H',1,15,888.00,NULL,'P_Jan',77,2.75,NULL),('C1619',202,1619,61,'F_Mic','Angus','H',2,4,671.00,NULL,'F_Mik',61,3.00,NULL),('C1619',203,1619,60,'D_Dav','Angus X','B',2,9,979.00,NULL,'D_Dav',75,2.79,NULL),('C1619',204,1619,88,'F_Mik','Hereford','S',3,2,516.00,NULL,'F_Mik',79,2.91,NULL),('C1619',205,1619,41,'P_Jan','Angus','S',3,7,516.00,NULL,'P_Jan',75,3.20,NULL),('C1619',206,1619,100,'F_Leo','Angus X','S',3,7,615.00,NULL,'F_Mik',61,3.41,NULL),('C1619',207,1619,57,'P_Jan','Charolais','S',2,4,771.00,NULL,'P_Jan',61,2.72,NULL),('C1619',208,1619,74,'F_Don','Fresian','H',2,12,729.00,NULL,'F_Don',54,3.44,NULL),('C1619',209,1619,32,'P_Lis','Fresian X','B',2,5,949.00,NULL,'P_Jan',73,2.82,NULL),('C1619',210,1619,37,'F_Mic','Angus','S',2,19,895.00,NULL,'F_Don',46,3.16,NULL),('C1619',211,1619,87,'P_Bar','Angus','B',4,17,658.00,NULL,'P_Jan',63,2.92,NULL),('C1619',212,1619,43,'F_Shr','Angus','B',2,2,908.00,NULL,'F_Ral',79,3.06,NULL),('C1619',213,1619,87,'P_Bar','Angus X','S',3,9,862.00,NULL,'P_Jan',78,3.34,NULL),('C1619',214,1619,76,'D_Big','Hereford','H',2,19,759.00,NULL,'D_Big',75,3.20,NULL),('C1619',215,1619,87,'P_Bar','Angus','H',2,10,1008.00,NULL,'P_Jan',56,2.73,NULL),('C1619',216,1619,84,'F_Shr','Angus X','B',2,7,909.00,NULL,'F_Ral',59,2.94,NULL),('C1619',217,1619,40,'F_Dav','Charolais','S',2,3,833.00,NULL,'F_Don',73,2.85,NULL),('C1619',218,1619,37,'F_Mic','Fresian','S',2,10,829.00,NULL,'F_Don',39,3.06,NULL),('C1619',219,1619,57,'P_Jan','Fresian X','S',3,7,1049.00,NULL,'P_Jan',73,2.63,NULL),('C1619',220,1619,70,'P_Bar','Angus','S',3,4,984.00,NULL,'P_Jan',46,2.84,NULL),('C1619',221,1619,38,'P_Jan','Angus','H',1,20,777.00,NULL,'P_Jan',66,2.81,NULL),('C1619',222,1619,37,'F_Mic','Angus','B',1,8,906.00,NULL,'F_Don',39,3.38,NULL),('C1619',223,1619,61,'F_Mic','Angus X','S',2,4,529.00,NULL,'F_Mik',64,2.66,NULL),('C1619',224,1619,32,'P_Lis','Hereford','B',2,5,895.00,NULL,'P_Jan',60,3.41,NULL),('C1619',225,1619,49,'F_Mik','Angus','B',3,7,787.00,NULL,'F_Mik',64,3.18,NULL),('C1619',226,1619,39,'F_Ral','Angus X','S',3,9,911.00,NULL,'F_Ral',65,3.22,NULL),('C1619',227,1619,38,'P_Jan','Charolais','H',3,4,673.00,NULL,'P_Jan',59,2.99,NULL),('C1619',228,1619,43,'F_Shr','Fresian','H',2,4,967.00,NULL,'F_Ral',80,2.73,NULL),('C1619',229,1619,62,'P_Lis','Fresian X','B',2,10,866.00,NULL,'P_Jan',56,2.69,NULL),('C1619',230,1619,65,'P_Bar','Angus','S',2,4,796.00,NULL,'F_Ral',79,2.83,NULL),('C1619',231,1619,88,'F_Mik','Angus','S',2,9,631.00,NULL,'F_Mik',56,2.76,NULL),('C1619',232,1619,40,'F_Dav','Angus','S',4,17,777.00,NULL,'F_Don',62,3.47,NULL),('C1619',233,1619,74,'F_Don','Angus X','S',2,7,826.00,NULL,'F_Don',59,3.01,NULL),('C1619',234,1619,60,'D_Dav','Hereford','H',3,6,546.00,2.76,'D_Dav',63,3.35,NULL),('C1619',235,1619,85,'F_Leo','Angus','B',2,2,797.00,NULL,'F_Mik',39,3.09,NULL),('C1619',236,1619,40,'F_Dav','Angus X','S',2,14,752.00,NULL,'F_Don',73,3.47,NULL),('C1619',237,1619,39,'F_Ral','Charolais','B',2,1,878.00,NULL,'F_Ral',61,3.00,NULL),('C1619',238,1619,78,'D_Dav','Fresian','B',2,10,609.00,NULL,'D_Dav',65,3.29,NULL),('C1619',239,1619,101,'F_Dav','Fresian X','S',2,7,512.00,NULL,'F_Mik',66,2.90,NULL),('C1619',240,1619,70,'P_Bar','Angus','H',3,17,1087.00,NULL,'P_Jan',77,2.93,NULL),('C1619',241,1619,59,'D_Dav','Angus','H',3,8,753.00,NULL,'D_Dav',78,3.39,NULL),('C1619',242,1619,41,'P_Jan','Angus','B',1,9,564.00,2.86,'P_Jan',46,3.46,NULL),('C1619',243,1619,62,'P_Lis','Angus X','S',1,8,1096.00,NULL,'P_Jan',46,2.99,NULL),('C1619',244,1619,59,'D_Dav','Hereford','S',2,7,887.00,NULL,'D_Dav',78,2.86,NULL),('C1619',245,1619,42,'F_Don','Angus','S',2,15,545.00,2.29,'F_Don',56,3.28,NULL),('C1619',246,1619,87,'P_Bar','Angus X','S',3,5,650.00,NULL,'P_Jan',54,3.03,NULL),('C1619',247,1619,38,'P_Jan','Charolais','H',3,7,767.00,NULL,'P_Jan',64,2.75,NULL),('C1619',248,1619,41,'P_Jan','Fresian','B',3,4,922.00,NULL,'P_Jan',73,3.05,NULL),('C1619',249,1619,40,'F_Dav','Fresian X','S',2,13,607.00,NULL,'F_Don',39,2.80,NULL),('C1619',250,1619,58,'P_Jan','Angus','B',2,9,526.00,NULL,'P_Jan',75,3.27,NULL),('C1619',251,1619,85,'F_Leo','Angus','B',2,3,1032.00,NULL,'F_Mik',62,2.97,NULL),('C1619',252,1619,41,'P_Jan','Beef X','S',2,4,736.00,NULL,'P_Jan',66,3.32,NULL),('C1619',253,1619,59,'D_Dav','Angus','H',4,4,699.00,NULL,'D_Dav',77,2.78,NULL),('C1619',254,1619,88,'F_Mik','Angus X','H',4,20,970.00,NULL,'F_Mik',54,2.65,NULL),('C1619',255,1619,57,'P_Jan','Hereford','B',2,16,885.00,NULL,'P_Jan',77,2.67,NULL),('C1619',256,1619,38,'P_Jan','Angus','S',3,5,955.00,NULL,'P_Jan',61,2.90,NULL),('C1619',257,1619,76,'D_Big','Angus X','S',2,8,974.00,NULL,'D_Big',61,3.11,NULL),('C1619',258,1619,60,'D_Dav','Charolais','S',2,8,872.00,NULL,'D_Dav',56,2.77,NULL),('C1619',259,1619,84,'F_Shr','Fresian','S',2,15,611.00,NULL,'F_Ral',39,2.82,NULL),('C1619',260,1619,61,'F_Mic','Fresian X','H',2,10,758.00,NULL,'F_Mik',75,3.23,NULL),('C1619',261,1619,38,'P_Jan','Angus','B',2,8,796.00,NULL,'P_Jan',80,3.34,NULL),('C1619',262,1619,39,'F_Ral','Angus','S',3,10,926.00,NULL,'F_Ral',66,3.50,NULL),('C1619',263,1619,70,'P_Bar','Beef X','B',3,2,929.00,NULL,'P_Jan',74,2.82,NULL),('C1619',264,1619,76,'D_Big','Beef X','B',1,8,737.00,NULL,'D_Big',61,3.04,NULL),('C1619',265,1619,74,'F_Don','Beef X','S',1,5,937.00,NULL,'F_Don',66,2.69,NULL),('C1619',266,1619,62,'P_Lis','Beef X','H',2,20,1003.00,NULL,'P_Jan',60,2.75,NULL),('C1619',267,1619,39,'F_Ral','Beef X','H',2,13,960.00,NULL,'F_Ral',62,2.60,NULL),('C1619',268,1619,38,'P_Jan','Beef X','B',3,13,1001.00,NULL,'P_Jan',62,2.95,NULL),('C1620',1,1620,57,'P_Jan','Angus X','B',1,13,656.00,NULL,'P_Jan',65,2.98,_binary '\0'),('C1620',2,1620,65,'P_Bar','Angus','H',3,9,862.00,NULL,'P_Jan',62,3.43,_binary '\0'),('C1620',3,1620,41,'P_Jan','Angus','S',2,8,560.00,2.49,'P_Jan',46,3.24,_binary '\0'),('C1620',4,1620,41,'P_Jan','Hereford','B',2,8,889.00,NULL,'P_Jan',56,2.80,_binary '\0'),('C1620',5,1620,78,'D_Dav','Charolais','B',3,7,545.00,NULL,'D_Dav',39,3.04,_binary '\0'),('C1620',6,1620,86,'F_Shr','Fresian','S',2,11,869.00,NULL,'F_Ral',61,3.07,_binary '\0'),('C1620',7,1620,43,'F_Shr','Angus','S',2,17,777.00,NULL,'F_Mik',54,3.05,_binary '\0'),('C1620',8,1620,87,'P_Bar','Angus','S',3,20,505.00,NULL,'P_Jan',75,2.96,_binary '\0'),('C1620',9,1620,87,'P_Bar','Charolais','S',2,20,502.00,NULL,'P_Jan',65,3.16,_binary '\0'),('C1620',10,1620,43,'F_Shr','Angus X','S',2,4,624.00,NULL,'F_Mik',60,3.10,_binary '\0'),('C1620',11,1620,61,'F_Mic','Charolais','S',3,14,864.00,NULL,'F_Mik',66,3.18,_binary '\0'),('C1620',12,1620,86,'F_Shr','Angus','B',2,7,788.00,3.40,'F_Ral',75,NULL,_binary ''),('C1620',13,1620,58,'P_Jan','Angus X','H',2,10,582.00,NULL,'P_Jan',39,3.46,_binary '\0'),('C1620',14,1620,39,'F_Ral','Hereford','S',2,14,627.00,NULL,'F_Ral',62,3.18,_binary '\0'),('C1620',15,1620,85,'F_Leo','Angus X','H',3,13,945.00,NULL,'F_Mik',65,3.43,_binary '\0'),('C1620',16,1620,39,'F_Ral','Fresian','S',2,15,923.00,NULL,'F_Ral',64,2.78,_binary '\0'),('C1620',17,1620,39,'F_Ral','Angus X','S',3,3,723.00,NULL,'F_Ral',63,2.75,_binary '\0'),('C1620',18,1620,43,'F_Shr','Angus','S',2,3,675.00,NULL,'F_Ral',54,2.99,_binary '\0'),('C1620',19,1620,77,'F_Don','Angus','S',3,12,766.00,NULL,'F_Don',80,2.88,_binary '\0'),('C1620',20,1620,60,'D_Dav','Fresian X','B',3,20,751.00,NULL,'D_Dav',77,2.92,_binary '\0'),('C1620',21,1620,74,'F_Don','Hereford','S',2,11,629.00,NULL,'F_Don',74,2.97,_binary '\0'),('C1620',22,1620,70,'P_Bar','Angus X','S',2,2,1017.00,NULL,'P_Jan',61,3.35,_binary '\0'),('C1620',23,1620,87,'P_Bar','Beef X','S',1,2,901.00,3.20,'P_Jan',54,NULL,_binary ''),('C1620',24,1620,37,'F_Mic','Fresian X','B',2,3,996.00,NULL,'F_Don',59,3.13,_binary '\0'),('C1620',25,1620,41,'P_Jan','Angus','S',2,18,611.00,NULL,'P_Jan',66,3.12,_binary '\0'),('C1620',26,1620,38,'P_Jan','Fresian X','S',1,10,687.00,NULL,'P_Jan',74,2.74,_binary '\0'),('C1620',27,1620,85,'F_Leo','Fresian X','S',2,3,904.00,NULL,'F_Mik',46,2.85,_binary '\0'),('C1620',28,1620,69,'D_Dav','Angus','S',3,4,673.00,NULL,'D_Dav',60,2.73,_binary '\0'),('C1620',29,1620,69,'D_Dav','Fresian X','S',2,9,631.00,NULL,'D_Dav',66,3.24,_binary '\0'),('C1620',30,1620,41,'P_Jan','Angus X','H',2,11,855.00,NULL,'P_Jan',64,2.71,_binary '\0'),('C1620',31,1620,69,'D_Dav','Fresian','H',2,2,630.00,NULL,'D_Dav',61,3.44,_binary '\0'),('C1620',32,1620,69,'D_Dav','Hereford','S',2,4,614.00,NULL,'D_Dav',79,3.08,_binary '\0'),('C1620',33,1620,88,'F_Mik','Hereford','H',2,5,1055.00,NULL,'F_Mik',61,3.16,_binary '\0'),('C1620',34,1620,58,'P_Jan','Fresian X','H',2,7,909.00,NULL,'P_Jan',75,3.45,_binary '\0'),('C1620',35,1620,69,'D_Dav','Fresian','B',3,5,1065.00,NULL,'D_Dav',64,2.93,_binary '\0'),('C1620',36,1620,65,'P_Bar','Fresian X','H',4,13,678.00,3.01,'F_Ral',56,NULL,_binary ''),('C1620',37,1620,87,'P_Bar','Angus X','S',2,7,787.00,NULL,'P_Jan',60,3.25,_binary '\0'),('C1620',38,1620,61,'F_Mic','Angus','S',2,17,1088.00,NULL,'F_Mik',62,3.24,_binary '\0'),('C1620',39,1620,41,'P_Jan','Angus','B',2,16,987.00,NULL,'P_Jan',56,2.84,_binary '\0'),('C1620',40,1620,58,'P_Jan','Angus','S',3,12,1004.00,NULL,'P_Jan',61,3.22,_binary '\0'),('C1620',41,1620,60,'D_Dav','Fresian','S',3,3,1024.00,NULL,'D_Dav',63,3.44,_binary '\0'),('C1620',42,1620,42,'F_Don','Fresian','B',2,9,867.00,NULL,'F_Don',66,3.18,_binary '\0'),('C1620',43,1620,32,'P_Lis','Angus X','B',2,1,530.00,NULL,'P_Jan',46,2.96,_binary '\0'),('C1620',44,1620,37,'F_Mic','Charolais','H',2,17,658.00,NULL,'F_Don',46,3.37,_binary '\0'),('C1620',45,1620,86,'F_Shr','Angus X','B',2,4,602.00,NULL,'F_Mik',60,2.94,_binary '\0'),('C1620',46,1620,65,'P_Bar','Angus','B',3,9,669.00,NULL,'P_Jan',39,2.86,_binary '\0'),('C1620',49,1620,101,'F_Dav','Angus','B',4,19,601.00,NULL,'F_Mik',39,2.83,_binary '\0'),('C1620',50,1620,84,'F_Shr','Angus','H',1,11,526.00,NULL,'F_Ral',59,2.64,_binary '\0'),('C1620',51,1620,42,'F_Don','Angus','S',3,4,984.00,NULL,'F_Don',79,3.28,_binary '\0'),('C1620',52,1620,42,'F_Don','Angus','H',3,10,1008.00,NULL,'F_Don',79,3.21,_binary '\0'),('C1620',53,1620,65,'P_Bar','Angus','H',4,8,617.00,NULL,'P_Jan',61,2.88,_binary '\0'),('C1620',54,1620,78,'D_Dav','Angus X','S',2,16,520.00,NULL,'D_Dav',54,2.92,_binary '\0'),('C1620',55,1620,43,'F_Shr','Angus','H',3,7,563.00,2.77,'F_Ral',77,2.78,_binary '\0'),('C1620',56,1620,87,'P_Bar','Fresian X','H',2,16,771.00,NULL,'P_Jan',46,2.60,_binary '\0'),('C1620',57,1620,78,'D_Dav','Angus X','S',3,13,614.00,NULL,'D_Dav',78,3.25,_binary '\0'),('C1620',58,1620,84,'F_Shr','Angus X','S',2,15,994.00,NULL,'F_Ral',60,2.92,_binary '\0'),('C1620',59,1620,58,'P_Jan','Angus X','S',1,3,1061.00,NULL,'P_Jan',75,3.36,_binary '\0'),('C1620',60,1620,76,'D_Big','Hereford','B',2,1,507.00,NULL,'D_Big',66,3.06,_binary '\0'),('C1620',61,1620,39,'F_Ral','Fresian X','B',3,2,1035.00,NULL,'F_Ral',62,2.73,_binary '\0'),('C1620',62,1620,88,'F_Mik','Angus','S',2,6,590.00,NULL,'F_Mik',75,3.14,_binary '\0'),('C1620',63,1620,88,'F_Mik','Hereford','B',2,9,735.00,NULL,'F_Mik',56,2.98,_binary '\0'),('C1620',64,1620,85,'F_Leo','Fresian','S',2,17,880.00,NULL,'F_Mik',62,2.73,_binary '\0'),('C1620',65,1620,59,'D_Dav','Angus X','S',2,9,520.00,NULL,'D_Dav',80,2.74,_binary '\0'),('C1620',66,1620,32,'P_Lis','Angus','H',2,5,1088.00,NULL,'P_Jan',48,2.70,_binary '\0'),('C1620',67,1620,101,'F_Dav','Fresian X','S',2,5,675.00,NULL,'F_Mik',61,2.65,_binary '\0'),('C1620',68,1620,57,'P_Jan','Angus','H',2,7,903.00,NULL,'P_Jan',63,2.79,_binary '\0'),('C1620',69,1620,60,'D_Dav','Fresian','S',1,4,1070.00,NULL,'D_Dav',65,2.94,_binary '\0'),('C1620',70,1620,40,'F_Dav','Angus','B',2,5,677.00,NULL,'F_Don',56,3.17,_binary '\0'),('C1620',71,1620,49,'F_Mik','Fresian','S',2,8,643.00,NULL,'F_Mik',74,3.36,_binary '\0'),('C1620',72,1620,32,'P_Lis','Angus X','S',1,9,850.00,NULL,'P_Jan',65,3.01,_binary '\0'),('C1620',73,1620,58,'P_Jan','Angus','S',1,19,931.00,NULL,'P_Jan',56,2.97,_binary '\0'),('C1620',74,1620,65,'P_Bar','Angus','S',2,12,549.00,2.80,'P_Jan',80,3.16,_binary '\0'),('C1620',75,1620,39,'F_Ral','Angus','H',3,9,979.00,NULL,'F_Ral',79,2.72,_binary '\0'),('C1620',76,1620,38,'P_Jan','Hereford','B',3,4,671.00,NULL,'P_Jan',79,3.07,_binary '\0'),('C1620',77,1620,41,'P_Jan','Angus X','S',2,7,1034.00,NULL,'P_Jan',62,3.16,_binary '\0'),('C1620',78,1620,58,'P_Jan','Angus','S',2,17,841.00,NULL,'P_Jan',80,2.65,_binary '\0'),('C1620',79,1620,58,'P_Jan','Charolais','B',2,5,895.00,NULL,'P_Jan',78,2.83,_binary '\0'),('C1620',80,1620,39,'F_Ral','Angus','H',2,4,967.00,NULL,'F_Ral',65,3.34,_binary '\0'),('C1620',81,1620,61,'F_Mic','Charolais','S',2,3,977.00,NULL,'F_Mik',56,3.38,_binary '\0'),('C1620',82,1620,43,'F_Shr','Angus','B',1,8,773.00,NULL,'F_Mik',65,2.73,_binary '\0'),('C1620',83,1620,43,'F_Shr','Charolais','H',3,2,573.00,1.99,'F_Mik',66,3.29,_binary '\0'),('C1620',84,1620,41,'P_Jan','Angus X','S',3,7,826.00,NULL,'P_Jan',59,2.83,_binary '\0'),('C1620',85,1620,86,'F_Shr','Angus','B',2,4,529.00,NULL,'F_Ral',65,2.64,_binary '\0'),('C1620',86,1620,101,'F_Dav','Angus X','S',4,17,894.00,NULL,'F_Mik',39,2.83,_binary '\0'),('C1620',87,1620,43,'F_Shr','Angus X','S',3,4,739.00,NULL,'F_Mik',61,3.39,_binary '\0'),('C1620',88,1620,34,'F_Mic','Fresian X','H',2,2,789.00,NULL,'F_Don',77,3.06,_binary '\0'),('C1620',89,1620,84,'F_Shr','Angus','S',2,18,815.00,NULL,'F_Ral',60,3.41,_binary '\0'),('C1620',90,1620,41,'P_Jan','Fresian','H',3,13,912.00,NULL,'P_Jan',48,3.04,_binary '\0'),('C1620',91,1620,58,'P_Jan','Charolais','S',3,12,710.00,NULL,'P_Jan',56,2.84,_binary '\0'),('C1620',92,1620,86,'F_Shr','Angus','H',2,4,930.00,NULL,'F_Ral',66,2.77,_binary '\0'),('C1620',93,1620,61,'F_Mic','Fresian X','B',2,7,804.00,NULL,'F_Mik',61,2.77,_binary '\0'),('C1620',94,1620,85,'F_Leo','Hereford','S',4,6,669.00,NULL,'F_Mik',61,3.41,_binary '\0'),('C1620',95,1620,69,'D_Dav','Hereford','H',2,9,993.00,NULL,'D_Dav',73,3.45,_binary '\0'),('C1620',96,1620,65,'P_Bar','Fresian X','B',3,5,914.00,NULL,'P_Jan',60,3.16,_binary '\0'),('C1620',97,1620,62,'P_Lis','Fresian','B',2,5,956.00,NULL,'P_Jan',75,2.87,_binary '\0'),('C1620',98,1620,86,'F_Shr','Angus X','H',3,15,534.00,NULL,'F_Ral',78,3.25,_binary '\0'),('C1620',99,1620,60,'D_Dav','Angus','B',1,3,948.00,NULL,'D_Dav',62,3.17,_binary '\0'),('C1620',101,1620,34,'F_Mic','Fresian','S',3,15,582.00,NULL,'F_Don',62,3.21,_binary '\0'),('C1620',102,1620,60,'D_Dav','Charolais','B',2,3,548.00,1.83,'D_Dav',60,3.47,_binary '\0'),('C1620',103,1620,57,'P_Jan','Angus','S',3,4,771.00,NULL,'P_Jan',56,3.30,_binary '\0'),('C1620',104,1620,40,'F_Dav','Fresian','S',2,20,689.00,NULL,'F_Don',75,2.68,_binary '\0'),('C1620',105,1620,40,'F_Dav','Angus X','S',2,18,653.00,NULL,'F_Don',65,2.69,_binary '\0'),('C1620',106,1620,59,'D_Dav','Angus X','H',2,9,615.00,NULL,'D_Dav',39,3.29,_binary '\0'),('C1620',107,1620,39,'F_Ral','Hereford','S',3,20,952.00,NULL,'F_Ral',46,2.84,_binary '\0'),('C1620',108,1620,100,'F_Leo','Angus','S',2,8,790.00,NULL,'F_Don',65,3.28,_binary '\0'),('C1620',110,1620,70,'P_Bar','Angus','H',1,19,1021.00,NULL,'P_Jan',80,2.62,_binary '\0'),('C1620',111,1620,42,'F_Don','Fresian X','B',2,4,506.00,NULL,'F_Don',77,3.20,_binary '\0'),('C1620',112,1620,101,'F_Dav','Angus','B',2,15,618.00,NULL,'F_Mik',59,3.34,_binary '\0'),('C1620',113,1620,87,'P_Bar','Angus','S',3,8,571.00,3.42,'P_Jan',54,3.47,_binary '\0'),('C1620',114,1620,57,'P_Jan','Charolais','B',2,1,983.00,NULL,'P_Jan',77,2.78,_binary '\0'),('C1620',115,1620,101,'F_Dav','Angus','H',2,9,1024.00,NULL,'F_Mik',61,2.67,_binary '\0'),('C1620',116,1620,58,'P_Jan','Charolais','B',2,4,950.00,NULL,'P_Jan',74,2.63,_binary '\0'),('C1620',117,1620,70,'P_Bar','Angus','B',3,9,733.00,NULL,'P_Jan',63,2.70,_binary '\0'),('C1620',118,1620,74,'F_Don','Angus X','S',2,6,861.00,NULL,'F_Don',61,3.38,_binary '\0'),('C1620',119,1620,39,'F_Ral','Angus','S',3,7,516.00,NULL,'F_Ral',74,2.61,_binary '\0'),('C1620',121,1620,88,'F_Mik','Angus','H',2,19,528.00,NULL,'F_Mik',61,2.75,_binary '\0'),('C1620',122,1620,57,'P_Jan','Angus','S',1,16,680.00,NULL,'P_Jan',79,3.06,_binary '\0'),('C1620',123,1620,69,'D_Dav','Angus X','H',2,7,615.00,NULL,'D_Dav',79,2.62,_binary '\0'),('C1620',124,1620,38,'P_Jan','Fresian X','B',1,8,556.00,2.31,'P_Jan',66,3.45,_binary '\0'),('C1620',125,1620,38,'P_Jan','Angus','B',3,3,634.00,NULL,'P_Jan',48,3.48,_binary '\0'),('C1620',126,1620,57,'P_Jan','Angus X','B',2,5,992.00,NULL,'P_Jan',46,3.26,_binary '\0'),('C1620',127,1620,84,'F_Shr','Angus X','S',2,8,944.00,NULL,'F_Ral',46,3.18,_binary '\0'),('C1620',128,1620,41,'P_Jan','Angus X','S',2,4,749.00,NULL,'P_Jan',77,3.06,_binary '\0'),('C1620',129,1620,61,'F_Mic','Angus X','B',2,11,764.00,NULL,'F_Mik',79,2.63,_binary '\0'),('C1620',130,1620,87,'P_Bar','Angus X','B',4,3,577.00,NULL,'P_Jan',66,2.71,_binary '\0'),('C1620',131,1620,59,'D_Dav','Angus','S',2,9,729.00,NULL,'D_Dav',59,2.78,_binary '\0'),('C1620',132,1620,40,'F_Dav','Angus','S',2,20,786.00,NULL,'F_Don',61,2.87,_binary '\0'),('C1620',133,1620,88,'F_Mik','Fresian X','H',2,2,1074.00,NULL,'F_Mik',48,2.62,_binary '\0'),('C1620',134,1620,43,'F_Shr','Charolais','S',2,10,583.00,NULL,'F_Mik',54,3.39,_binary '\0'),('C1620',135,1620,69,'D_Dav','Hereford','S',3,10,915.00,NULL,'D_Dav',78,2.91,_binary '\0'),('C1620',136,1620,88,'F_Mik','Hereford','S',2,2,908.00,NULL,'F_Mik',64,3.39,_binary '\0'),('C1620',137,1620,84,'F_Shr','Fresian X','S',3,11,755.00,NULL,'F_Ral',61,2.73,_binary '\0'),('C1620',138,1620,39,'F_Ral','Hereford','S',3,2,587.00,NULL,'F_Ral',80,3.46,_binary '\0'),('C1620',139,1620,65,'P_Bar','Charolais','S',2,9,891.00,NULL,'P_Jan',78,3.20,_binary '\0'),('C1620',140,1620,70,'P_Bar','Angus','B',2,7,726.00,NULL,'P_Jan',39,3.03,_binary '\0'),('C1620',141,1620,38,'P_Jan','Angus X','B',3,20,730.00,NULL,'P_Jan',62,3.03,_binary '\0'),('C1620',142,1620,87,'P_Bar','Angus','B',2,15,536.00,NULL,'P_Jan',73,3.48,_binary '\0'),('C1620',143,1620,41,'P_Jan','Angus','S',2,1,662.00,NULL,'P_Jan',56,2.85,_binary '\0'),('C1620',144,1620,43,'F_Shr','Angus','S',4,5,764.00,NULL,'F_Ral',66,3.50,_binary '\0'),('C1620',145,1620,86,'F_Shr','Angus X','B',2,5,949.00,NULL,'F_Ral',77,3.48,_binary '\0'),('C1620',146,1620,65,'P_Bar','Fresian X','H',3,1,731.00,NULL,'P_Jan',48,3.15,_binary '\0'),('C1620',147,1620,43,'F_Shr','Angus X','S',2,20,970.00,NULL,'F_Mik',59,3.43,_binary '\0'),('C1620',148,1620,85,'F_Leo','Angus X','B',3,11,569.00,3.00,'F_Mik',78,3.09,_binary '\0'),('C1620',149,1620,42,'F_Don','Hereford','B',3,2,829.00,NULL,'F_Don',66,3.44,_binary '\0'),('C1620',150,1620,40,'F_Dav','Angus','S',1,6,1092.00,NULL,'F_Don',74,3.17,_binary '\0'),('C1620',151,1620,38,'P_Jan','Angus X','B',2,15,814.00,NULL,'P_Jan',63,2.73,_binary '\0'),('C1620',152,1620,43,'F_Shr','Angus','B',2,18,786.00,NULL,'F_Mik',61,3.43,_binary '\0'),('C1620',153,1620,101,'F_Dav','Angus','S',3,4,996.00,NULL,'F_Mik',46,3.49,_binary '\0'),('C1620',154,1620,39,'F_Ral','Angus','B',2,7,680.00,NULL,'F_Ral',74,2.73,_binary '\0'),('C1620',155,1620,77,'F_Don','Angus','S',2,19,759.00,NULL,'F_Don',73,3.21,_binary '\0'),('C1620',156,1620,58,'P_Jan','Angus','B',2,3,652.00,NULL,'P_Jan',65,2.99,_binary '\0'),('C1620',157,1620,40,'F_Dav','Angus','H',2,15,888.00,NULL,'F_Don',63,2.88,_binary '\0'),('C1620',158,1620,58,'P_Jan','Angus','B',2,3,825.00,NULL,'P_Jan',61,2.70,_binary '\0'),('C1620',159,1620,78,'D_Dav','Charolais','S',2,3,833.00,NULL,'D_Dav',65,2.71,_binary '\0'),('C1620',160,1620,61,'F_Mic','Angus X','H',2,2,516.00,NULL,'F_Mik',80,3.04,_binary '\0'),('C1620',161,1620,59,'D_Dav','Angus','S',3,5,930.00,NULL,'D_Dav',78,2.89,_binary '\0'),('C1620',162,1620,101,'F_Dav','Fresian','H',3,12,981.00,NULL,'F_Mik',62,3.25,_binary '\0'),('C1620',163,1620,32,'P_Lis','Charolais','H',2,20,558.00,3.30,'P_Jan',73,3.30,_binary '\0'),('C1620',164,1620,86,'F_Shr','Charolais','H',1,14,585.00,NULL,'F_Ral',79,2.70,_binary '\0'),('C1620',165,1620,41,'P_Jan','Angus','B',3,15,726.00,NULL,'P_Jan',63,3.50,_binary '\0'),('C1620',166,1620,74,'F_Don','Hereford','H',2,12,617.00,NULL,'F_Don',64,2.89,_binary '\0'),('C1620',167,1620,49,'F_Mik','Angus X','H',3,4,1068.00,NULL,'F_Mik',46,2.72,_binary '\0'),('C1620',168,1620,60,'D_Dav','Angus','B',4,13,909.00,NULL,'D_Dav',75,3.00,_binary '\0'),('C1620',169,1620,85,'F_Leo','Angus','S',2,16,860.00,NULL,'F_Mik',61,2.87,_binary '\0'),('C1620',170,1620,34,'F_Mic','Charolais','S',2,5,816.00,NULL,'F_Don',39,2.88,_binary '\0'),('C1620',171,1620,78,'D_Dav','Angus X','H',3,7,985.00,NULL,'D_Dav',74,2.94,_binary '\0'),('C1620',172,1620,74,'F_Don','Fresian','B',3,2,959.00,NULL,'F_Don',48,3.13,_binary '\0'),('C1620',173,1620,43,'F_Shr','Angus','S',2,3,732.00,NULL,'F_Mik',46,3.17,_binary '\0'),('C1620',174,1620,43,'F_Shr','Angus','S',3,12,729.00,NULL,'F_Mik',62,2.70,_binary '\0'),('C1620',175,1620,100,'F_Leo','Angus','H',3,4,673.00,NULL,'F_Don',78,2.82,_binary '\0'),('C1620',176,1620,38,'P_Jan','Angus','S',4,2,997.00,NULL,'P_Jan',62,2.66,_binary '\0'),('C1620',177,1620,76,'D_Big','Fresian X','S',2,5,876.00,NULL,'D_Big',63,3.28,_binary '\0'),('C1620',178,1620,88,'F_Mik','Angus','H',1,19,1084.00,NULL,'F_Mik',63,3.34,_binary '\0'),('C1620',179,1620,58,'P_Jan','Hereford','S',1,1,929.00,NULL,'P_Jan',64,3.01,_binary '\0'),('C1620',180,1620,86,'F_Shr','Angus X','H',1,5,985.00,NULL,'F_Ral',78,2.76,_binary '\0'),('C1620',181,1620,85,'F_Leo','Charolais','B',3,18,503.00,NULL,'F_Mik',62,3.42,_binary '\0'),('C1620',182,1620,61,'F_Mic','Hereford','B',3,14,1009.00,NULL,'F_Mik',66,3.07,_binary '\0'),('C1620',183,1620,69,'D_Dav','Angus','H',2,4,617.00,NULL,'D_Dav',63,3.11,_binary '\0'),('C1620',184,1620,37,'F_Mic','Hereford','B',2,10,882.00,NULL,'F_Mik',61,3.00,_binary '\0'),('C1620',185,1620,43,'F_Shr','Angus','B',2,2,1096.00,NULL,'F_Mik',79,2.82,_binary '\0'),('C1620',186,1620,58,'P_Jan','Angus','H',2,9,877.00,NULL,'P_Jan',66,2.97,_binary '\0'),('C1620',187,1620,49,'F_Mik','Charolais','H',1,4,529.00,NULL,'F_Mik',65,3.13,_binary '\0'),('C1620',188,1620,69,'D_Dav','Angus','S',2,13,693.00,NULL,'D_Dav',54,2.66,_binary '\0'),('C1620',189,1620,77,'F_Don','Hereford','S',1,3,945.00,NULL,'F_Don',59,2.62,_binary '\0'),('C1620',190,1620,78,'D_Dav','Fresian X','B',2,7,1019.00,NULL,'D_Dav',74,3.24,_binary '\0'),('C1620',191,1620,58,'P_Jan','Angus X','B',3,12,1049.00,NULL,'P_Jan',73,2.61,_binary '\0'),('C1620',192,1620,76,'D_Big','Fresian','H',2,10,1063.00,NULL,'D_Big',77,3.01,_binary '\0'),('C1620',193,1620,76,'D_Big','Angus X','B',2,12,598.00,NULL,'D_Big',79,3.20,_binary '\0'),('C1620',194,1620,74,'F_Don','Fresian X','S',3,2,1004.00,NULL,'F_Don',63,3.25,_binary '\0'),('C1620',195,1620,62,'P_Lis','Angus','B',2,12,611.00,NULL,'P_Jan',56,2.66,_binary '\0'),('C1620',196,1620,65,'P_Bar','Angus','S',3,2,949.00,NULL,'P_Jan',75,2.63,_binary '\0'),('C1620',197,1620,100,'F_Leo','Fresian','S',4,6,677.00,NULL,'F_Don',66,3.38,_binary '\0'),('C1620',198,1620,62,'P_Lis','Fresian','S',2,10,866.00,NULL,'P_Jan',60,2.82,_binary '\0'),('C1620',199,1620,41,'P_Jan','Angus','S',3,8,659.00,NULL,'P_Jan',61,2.88,_binary '\0'),('C1620',200,1620,69,'D_Dav','Fresian','H',2,9,911.00,NULL,'D_Dav',48,3.19,_binary '\0'),('C1620',201,1620,62,'P_Lis','Fresian','H',2,8,1018.00,NULL,'P_Jan',56,3.38,_binary '\0'),('C1620',202,1620,61,'F_Mic','Angus','S',3,13,576.00,NULL,'F_Mik',63,3.50,_binary '\0'),('C1620',203,1620,60,'D_Dav','Angus X','S',2,9,1007.00,NULL,'D_Dav',77,3.14,_binary '\0'),('C1620',204,1620,88,'F_Mik','Hereford','H',2,6,854.00,NULL,'F_Mik',65,2.75,_binary '\0'),('C1620',205,1620,41,'P_Jan','Hereford','B',2,5,559.00,NULL,'P_Jan',61,2.95,_binary '\0'),('C1620',206,1620,100,'F_Leo','Angus','B',4,4,831.00,NULL,'F_Mik',48,2.61,_binary '\0'),('C1620',207,1620,57,'P_Jan','Charolais','S',3,19,895.00,NULL,'P_Jan',73,2.71,_binary '\0'),('C1620',208,1620,74,'F_Don','Angus','B',2,14,1023.00,NULL,'F_Don',62,2.91,_binary '\0'),('C1620',209,1620,32,'P_Lis','Angus X','B',2,14,844.00,NULL,'P_Jan',79,3.15,_binary '\0'),('C1620',210,1620,37,'F_Mic','Angus','S',1,7,593.00,NULL,'F_Don',60,2.72,_binary '\0'),('C1620',211,1620,87,'P_Bar','Angus','S',2,9,703.00,NULL,'P_Jan',65,2.92,_binary '\0'),('C1620',212,1620,43,'F_Shr','Angus X','S',3,20,777.00,NULL,'F_Ral',54,3.48,_binary '\0'),('C1620',213,1620,87,'P_Bar','Hereford','S',3,6,694.00,NULL,'P_Jan',73,3.36,_binary '\0'),('C1620',214,1620,76,'D_Big','Angus','B',2,7,1049.00,NULL,'D_Big',60,2.66,_binary '\0'),('C1620',215,1620,87,'P_Bar','Angus','S',2,2,655.00,NULL,'P_Jan',79,2.93,_binary '\0'),('C1620',216,1620,84,'F_Shr','Fresian X','B',3,2,718.00,NULL,'F_Ral',66,3.26,_binary '\0'),('C1620',217,1620,40,'F_Dav','Fresian','B',1,14,925.00,NULL,'F_Don',59,2.77,_binary '\0'),('C1620',218,1620,37,'F_Mic','Angus','S',2,14,923.00,NULL,'F_Don',59,3.27,_binary '\0'),('C1620',219,1620,57,'P_Jan','Fresian','H',2,10,829.00,NULL,'P_Jan',79,2.82,_binary '\0'),('C1620',220,1620,70,'P_Bar','Angus','S',2,15,834.00,NULL,'P_Jan',61,2.92,_binary '\0'),('C1620',221,1620,38,'P_Jan','Angus X','B',3,11,688.00,NULL,'P_Jan',65,2.64,_binary '\0'),('C1620',222,1620,37,'F_Mic','Angus','B',2,9,568.00,1.61,'F_Don',73,2.97,_binary '\0'),('C1620',223,1620,61,'F_Mic','Angus','H',2,9,513.00,NULL,'F_Mik',61,3.00,_binary '\0'),('C1620',224,1620,32,'P_Lis','Angus X','B',2,8,906.00,NULL,'P_Jan',56,2.92,_binary '\0'),('C1620',225,1620,49,'F_Mik','Angus','H',2,6,685.00,NULL,'F_Mik',61,3.24,_binary '\0'),('C1620',226,1620,39,'F_Ral','Charolais','S',4,8,572.00,NULL,'F_Ral',56,2.81,_binary '\0'),('C1620',227,1620,38,'P_Jan','Angus','S',3,16,851.00,NULL,'P_Jan',66,3.35,_binary '\0'),('C1620',228,1620,43,'F_Shr','Angus','S',2,16,1100.00,NULL,'F_Ral',61,2.85,_binary '\0'),('C1620',229,1620,62,'P_Lis','Angus','H',2,14,901.00,NULL,'P_Jan',61,3.41,_binary '\0'),('C1620',230,1620,65,'P_Bar','Angus','B',2,18,1063.00,NULL,'P_Jan',46,3.25,_binary '\0'),('C1620',231,1620,88,'F_Mik','Angus','B',2,4,796.00,NULL,'F_Mik',64,2.93,_binary '\0'),('C1620',232,1620,40,'F_Dav','Charolais','S',2,2,818.00,NULL,'F_Don',65,3.07,_binary '\0'),('C1620',233,1620,74,'F_Don','Angus X','S',3,17,980.00,NULL,'F_Don',75,2.90,_binary '\0');
/*!40000 ALTER TABLE `cattlelot` ENABLE KEYS */;
UNLOCK TABLES;

--
-- Table structure for table `sheepauction`
--

DROP TABLE IF EXISTS `sheepauction`;
/*!40101 SET @saved_cs_client     = @@character_set_client */;
/*!50503 SET character_set_client = utf8mb4 */;
CREATE TABLE `sheepauction` (
  `id` char(5) CHARACTER SET utf8 COLLATE utf8_general_ci NOT NULL,
  `auctionId` smallint(6) DEFAULT NULL,
  `startTime` time NOT NULL,
  PRIMARY KEY (`id`),
  KEY `FK_SheepAuction_AuctionDay` (`auctionId`)
) ENGINE=MyISAM DEFAULT CHARSET=utf8mb4 COLLATE=utf8mb4_0900_ai_ci;
/*!40101 SET character_set_client = @saved_cs_client */;

--
-- Dumping data for table `sheepauction`
--

LOCK TABLES `sheepauction` WRITE;
/*!40000 ALTER TABLE `sheepauction` DISABLE KEYS */;
INSERT INTO `sheepauction` VALUES ('S1620',1620,'11:30:00');
/*!40000 ALTER TABLE `sheepauction` ENABLE KEYS */;
UNLOCK TABLES;

--
-- Table structure for table `sheeplot`
--

DROP TABLE IF EXISTS `sheeplot`;
/*!40101 SET @saved_cs_client     = @@character_set_client */;
/*!50503 SET character_set_client = utf8mb4 */;
CREATE TABLE `sheeplot` (
  `auctionId` char(5) CHARACTER SET utf8 COLLATE utf8_general_ci NOT NULL,
  `lotNumber` smallint(6) NOT NULL,
  `auctionDay` smallint(6) NOT NULL,
  `seller` smallint(6) NOT NULL,
  `agent` char(10) CHARACTER SET utf8 COLLATE utf8_general_ci NOT NULL,
  `breed` char(20) CHARACTER SET utf8 COLLATE utf8_general_ci NOT NULL,
  `sex` char(1) CHARACTER SET utf8 COLLATE utf8_general_ci NOT NULL,
  `age` tinyint(4) NOT NULL,
  `quantity` tinyint(4) NOT NULL,
  `reserve` decimal(5,2) DEFAULT NULL,
  `auctioneer` char(10) CHARACTER SET utf8 COLLATE utf8_general_ci DEFAULT NULL,
  `buyer` smallint(6) DEFAULT NULL,
  `sellingPricePerHead` decimal(5,2) DEFAULT NULL,
  `lotSellingPrice` decimal(7,2) GENERATED ALWAYS AS ((`quantity` * `sellingPricePerHead`)) VIRTUAL,
  `passedIn` bit(1) DEFAULT NULL,
  PRIMARY KEY (`auctionId`,`lotNumber`),
  KEY `FK_SheepLot_AuctionClientAtAuction_buyer` (`auctionDay`,`buyer`),
  KEY `FK_SheepLot_AuctionClientAtAuction_seller` (`auctionDay`,`seller`),
  KEY `FK_SheepLot_StockAgent_auctioneer` (`auctioneer`),
  KEY `idx_agent` (`agent`,`auctioneer`,`lotNumber`,`buyer`,`seller`,`auctionDay`)
) ENGINE=MyISAM DEFAULT CHARSET=utf8mb4 COLLATE=utf8mb4_0900_ai_ci;
/*!40101 SET character_set_client = @saved_cs_client */;

--
-- Dumping data for table `sheeplot`
--

LOCK TABLES `sheeplot` WRITE;
/*!40000 ALTER TABLE `sheeplot` DISABLE KEYS */;
INSERT INTO `sheeplot` (`auctionId`, `lotNumber`, `auctionDay`, `seller`, `agent`, `breed`, `sex`, `age`, `quantity`, `reserve`, `auctioneer`, `buyer`, `sellingPricePerHead`, `passedIn`) VALUES ('S1620',101,1620,57,'P_Jan','Romney','R',1,70,NULL,'P_Jan',56,95.00,NULL),('S1620',102,1620,65,'P_Bar','Merino','W',3,10,NULL,'F_Ral',56,90.00,NULL),('S1620',103,1620,41,'P_Jan','Suffolk X','R',2,30,NULL,'P_Jan',61,92.00,NULL),('S1620',104,1620,41,'P_Jan','Romney','R',2,85,NULL,'P_Jan',65,97.00,NULL),('S1620',105,1620,78,'D_Dav','Merino','W',2,40,NULL,'D_Dav',78,81.00,NULL),('S1620',106,1620,86,'F_Shr','Merino','E',3,55,NULL,'F_Ral',65,93.00,NULL),('S1620',107,1620,43,'F_Shr','Merino','E',1,90,NULL,'F_Mik',54,89.00,NULL),('S1620',108,1620,87,'P_Bar','Merino','R',2,15,NULL,'P_Jan',65,92.00,NULL),('S1620',109,1620,87,'P_Bar','Romney','W',1,60,NULL,'P_Jan',46,90.00,NULL),('S1620',110,1620,43,'F_Shr','Romney','W',3,10,NULL,'F_Mik',65,84.00,NULL),('S1620',111,1620,61,'F_Mic','Merino','W',3,85,NULL,'F_Mik',74,90.00,NULL),('S1620',112,1620,86,'F_Shr','Romney','W',1,25,NULL,'F_Ral',62,81.00,NULL),('S1620',113,1620,58,'P_Jan','Merino','E',1,35,NULL,'P_Jan',62,104.00,NULL),('S1620',114,1620,39,'F_Ral','Suffolk X','R',1,60,NULL,'F_Ral',65,104.00,NULL),('S1620',115,1620,85,'F_Leo','Romney','W',1,40,90.00,'F_Mik',77,93.00,NULL),('S1620',116,1620,39,'F_Ral','Merino','R',3,70,NULL,'F_Ral',59,82.00,NULL),('S1620',117,1620,39,'F_Ral','Merino','R',3,30,NULL,'F_Ral',46,94.00,NULL),('S1620',118,1620,43,'F_Shr','Merino','W',1,70,NULL,'F_Ral',60,104.00,NULL),('S1620',119,1620,77,'F_Don','Merino','E',2,55,NULL,'F_Don',78,81.00,NULL),('S1620',120,1620,60,'D_Dav','Romney','E',1,35,NULL,'D_Dav',79,83.00,NULL),('S1620',121,1620,74,'F_Don','Romney','R',1,90,NULL,'F_Don',78,79.00,NULL),('S1620',122,1620,70,'P_Bar','Romney','W',2,95,NULL,'P_Jan',80,87.00,NULL),('S1620',123,1620,87,'P_Bar','Merino','W',3,20,NULL,'P_Jan',61,97.00,NULL),('S1620',124,1620,37,'F_Mic','Suffolk X','W',2,70,NULL,'F_Don',48,86.00,NULL),('S1620',125,1620,41,'P_Jan','Romney','W',1,40,NULL,'P_Jan',56,86.00,NULL),('S1620',126,1620,38,'P_Jan','Merino','E',1,80,NULL,'P_Jan',39,103.00,NULL),('S1620',127,1620,85,'F_Leo','Merino','R',1,30,NULL,'F_Mik',60,87.00,NULL),('S1620',128,1620,69,'D_Dav','Merino','W',2,25,NULL,'D_Dav',61,105.00,NULL),('S1620',129,1620,69,'D_Dav','Merino','R',2,45,NULL,'D_Dav',61,86.00,NULL),('S1620',130,1620,41,'P_Jan','Romney','R',1,15,NULL,'P_Jan',66,87.00,NULL),('S1620',131,1620,69,'D_Dav','Romney','W',2,45,NULL,'D_Dav',62,82.00,NULL),('S1620',132,1620,69,'D_Dav','Romney','E',1,85,NULL,'D_Dav',59,86.00,NULL),('S1620',133,1620,88,'F_Mik','Merino','E',3,75,NULL,'F_Mik',75,83.00,NULL),('S1620',134,1620,58,'P_Jan','Suffolk X','R',3,60,NULL,'P_Jan',63,79.00,NULL),('S1620',135,1620,69,'D_Dav','Romney','W',1,30,NULL,'D_Dav',60,78.00,NULL),('S1620',136,1620,65,'P_Bar','Merino','W',1,95,NULL,'F_Ral',60,105.00,NULL),('S1620',137,1620,87,'P_Bar','Merino','W',3,20,NULL,'P_Jan',79,98.00,NULL),('S1620',138,1620,61,'F_Mic','Merino','W',2,40,NULL,'F_Mik',66,78.00,NULL),('S1620',139,1620,41,'P_Jan','Merino','E',1,35,120.00,'P_Jan',62,NULL,_binary ''),('S1620',140,1620,58,'P_Jan','Romney','R',3,25,NULL,'P_Jan',54,89.00,NULL),('S1620',141,1620,60,'D_Dav','Romney','W',2,100,NULL,'D_Dav',56,81.00,NULL),('S1620',142,1620,42,'F_Don','Romney','R',3,30,NULL,'F_Don',60,94.00,NULL),('S1620',143,1620,32,'P_Lis','Merino','R',3,10,NULL,'P_Jan',79,100.00,NULL),('S1620',144,1620,37,'F_Mic','Suffolk X','W',2,100,NULL,'F_Don',74,101.00,NULL),('S1620',145,1620,86,'F_Shr','Romney','E',2,35,NULL,'F_Mik',80,93.00,NULL),('S1620',146,1620,65,'P_Bar','Merino','E',1,70,NULL,'F_Ral',61,89.00,NULL),('S1620',147,1620,101,'F_Dav','Merino','W',1,30,NULL,'F_Mik',62,81.00,NULL),('S1620',148,1620,84,'F_Shr','Romney','W',3,10,NULL,'F_Ral',62,81.00,NULL),('S1620',149,1620,42,'F_Don','Romney','W',1,45,NULL,'F_Don',78,97.00,NULL),('S1620',150,1620,42,'F_Don','Romney','E',3,55,NULL,'F_Don',63,100.00,NULL),('S1620',151,1620,65,'P_Bar','Merino','R',3,25,NULL,'F_Ral',65,87.00,NULL),('S1620',152,1620,78,'D_Dav','Suffolk X','W',3,45,NULL,'D_Dav',79,78.00,NULL),('S1620',153,1620,43,'F_Shr','Romney','R',3,10,NULL,'F_Ral',75,80.00,NULL),('S1620',154,1620,87,'P_Bar','Merino','R',1,5,NULL,'P_Jan',62,84.00,NULL),('S1620',155,1620,78,'D_Dav','Merino','W',3,20,NULL,'D_Dav',61,79.00,NULL),('S1620',156,1620,84,'F_Shr','Merino','E',2,55,100.00,'F_Ral',80,NULL,_binary ''),('S1620',157,1620,58,'P_Jan','Merino','E',2,70,NULL,'P_Jan',80,91.00,NULL),('S1620',158,1620,76,'D_Big','Romney','R',3,15,NULL,'D_Big',62,100.00,NULL),('S1620',159,1620,39,'F_Ral','Romney','W',3,40,NULL,'F_Ral',48,97.00,NULL),('S1620',160,1620,88,'F_Mik','Romney','W',3,100,75.00,'F_Mik',61,81.00,NULL),('S1620',161,1620,88,'F_Mik','Merino','W',3,60,NULL,'F_Mik',56,98.00,NULL),('S1620',162,1620,85,'F_Leo','Suffolk X','W',2,25,NULL,'F_Mik',48,84.00,NULL),('S1620',163,1620,59,'D_Dav','Romney','E',1,80,NULL,'D_Dav',64,90.00,NULL),('S1620',164,1620,32,'P_Lis','Merino','R',3,40,NULL,'P_Jan',65,96.00,NULL),('S1620',165,1620,101,'F_Dav','Merino','W',1,25,NULL,'F_Mik',77,95.00,NULL),('S1620',166,1620,57,'P_Jan','Merino','R',2,15,NULL,'P_Jan',48,100.00,NULL),('S1620',167,1620,60,'D_Dav','Merino','R',3,45,NULL,'D_Dav',79,85.00,NULL),('S1620',168,1620,40,'F_Dav','Romney','W',2,45,NULL,'F_Don',63,81.00,NULL),('S1620',169,1620,49,'F_Mik','Romney','E',1,20,NULL,'F_Mik',64,88.00,NULL),('S1620',170,1620,32,'P_Lis','Romney','E',3,25,NULL,'P_Jan',61,92.00,NULL),('S1620',171,1620,58,'P_Jan','Merino','R',1,50,NULL,'P_Jan',63,78.00,NULL),('S1620',172,1620,65,'P_Bar','Suffolk X','W',1,20,NULL,'F_Ral',75,81.00,NULL),('S1620',173,1620,39,'F_Ral','Romney','W',1,70,NULL,'F_Ral',73,90.00,NULL),('S1620',174,1620,38,'P_Jan','Merino','W',3,90,NULL,'P_Jan',60,95.00,NULL),('S1620',175,1620,41,'P_Jan','Merino','W',3,65,NULL,'P_Jan',39,86.00,NULL),('S1620',176,1620,58,'P_Jan','Merino','E',3,35,NULL,'P_Jan',65,87.00,NULL),('S1620',177,1620,58,'P_Jan','Merino','R',3,5,NULL,'P_Jan',66,98.00,NULL),('S1620',178,1620,39,'F_Ral','Romney','W',3,75,NULL,'F_Ral',54,97.00,NULL),('S1620',179,1620,61,'F_Mic','Romney','R',2,35,NULL,'F_Mik',77,104.00,NULL),('S1620',180,1620,43,'F_Shr','Romney','R',2,60,NULL,'F_Mik',65,90.00,NULL),('S1620',181,1620,43,'F_Shr','Merino','W',1,15,NULL,'F_Mik',64,103.00,NULL),('S1620',182,1620,41,'P_Jan','Suffolk X','E',2,45,72.00,'P_Jan',65,78.00,NULL),('S1620',183,1620,86,'F_Shr','Romney','E',2,25,NULL,'F_Ral',63,79.00,NULL),('S1620',184,1620,101,'F_Dav','Merino','R',1,70,NULL,'F_Mik',65,103.00,NULL),('S1620',185,1620,43,'F_Shr','Merino','W',3,100,NULL,'F_Mik',46,86.00,NULL),('S1620',186,1620,34,'F_Mic','Merino','W',3,35,NULL,'F_Don',48,97.00,NULL),('S1620',187,1620,84,'F_Shr','Merino','W',2,10,NULL,'F_Ral',63,91.00,NULL),('S1620',188,1620,41,'P_Jan','Romney','W',1,55,NULL,'P_Jan',79,94.00,NULL),('S1620',189,1620,58,'P_Jan','Romney','E',2,45,NULL,'P_Jan',73,87.00,NULL),('S1620',190,1620,86,'F_Shr','Romney','R',2,10,NULL,'F_Ral',74,96.00,NULL),('S1620',191,1620,61,'F_Mic','Merino','W',3,50,NULL,'F_Mik',61,91.00,NULL),('S1620',192,1620,85,'F_Leo','Suffolk X','R',1,40,101.00,'F_Mik',59,104.00,NULL),('S1620',193,1620,69,'D_Dav','Romney','R',3,40,NULL,'D_Dav',46,97.00,NULL),('S1620',194,1620,65,'P_Bar','Merino','W',1,70,NULL,'F_Ral',74,87.00,NULL),('S1620',195,1620,62,'P_Lis','Merino','E',2,75,NULL,'P_Jan',59,81.00,NULL),('S1620',196,1620,86,'F_Shr','Merino','E',1,55,NULL,'F_Ral',54,95.00,NULL),('S1620',197,1620,60,'D_Dav','Merino','R',3,65,NULL,'D_Dav',80,101.00,NULL),('S1620',198,1620,34,'F_Mic','Romney','W',2,10,NULL,'F_Don',56,92.00,NULL),('S1620',199,1620,60,'D_Dav','Romney','W',2,20,NULL,'D_Dav',39,89.00,NULL),('S1620',200,1620,57,'P_Jan','Merino','W',1,15,NULL,'P_Jan',73,78.00,NULL),('S1620',201,1620,40,'F_Dav','Suffolk X','E',1,10,NULL,'F_Don',64,94.00,NULL),('S1620',202,1620,40,'F_Dav','Romney','R',2,45,NULL,'F_Don',75,86.00,NULL),('S1620',203,1620,59,'D_Dav','Merino','W',3,40,72.00,'D_Dav',66,81.00,NULL),('S1620',204,1620,39,'F_Ral','Merino','R',3,75,NULL,'F_Ral',66,101.00,NULL),('S1620',205,1620,100,'F_Leo','Merino','R',2,20,NULL,'F_Don',60,82.00,NULL),('S1620',206,1620,70,'P_Bar','Romney','E',2,100,NULL,'P_Jan',48,103.00,NULL),('S1620',207,1620,42,'F_Don','Romney','E',3,60,84.00,'F_Don',46,100.00,NULL),('S1620',208,1620,101,'F_Dav','Romney','R',3,45,NULL,'F_Mik',62,97.00,NULL),('S1620',209,1620,87,'P_Bar','Merino','W',1,80,NULL,'P_Jan',61,87.00,NULL),('S1620',210,1620,57,'P_Jan','Suffolk X','W',3,95,NULL,'P_Jan',66,83.00,NULL),('S1620',211,1620,101,'F_Dav','Romney','W',2,100,NULL,'F_Mik',74,94.00,NULL),('S1620',212,1620,58,'P_Jan','Merino','W',2,95,NULL,'P_Jan',74,92.00,NULL),('S1620',213,1620,70,'P_Bar','Merino','E',1,40,NULL,'P_Jan',61,91.00,NULL),('S1620',214,1620,74,'F_Don','Merino','R',1,60,NULL,'F_Don',77,79.00,NULL),('S1620',215,1620,39,'F_Ral','Merino','W',2,20,NULL,'F_Ral',65,94.00,NULL),('S1620',216,1620,88,'F_Mik','Romney','R',2,15,NULL,'F_Mik',54,92.00,NULL),('S1620',217,1620,57,'P_Jan','Romney','W',3,80,NULL,'P_Jan',62,82.00,NULL),('S1620',218,1620,69,'D_Dav','Merino','E',2,10,NULL,'D_Dav',65,91.00,NULL),('S1620',219,1620,38,'P_Jan','Suffolk X','E',3,20,NULL,'P_Jan',63,102.00,NULL),('S1620',220,1620,38,'P_Jan','Romney','R',1,80,NULL,'P_Jan',54,97.00,NULL),('S1620',221,1620,57,'P_Jan','Merino','W',2,5,NULL,'P_Jan',48,102.00,NULL),('S1620',222,1620,84,'F_Shr','Merino','W',2,25,NULL,'F_Ral',61,103.00,NULL),('S1620',223,1620,41,'P_Jan','Merino','W',3,15,NULL,'P_Jan',66,93.00,NULL),('S1620',224,1620,61,'F_Mic','Merino','W',2,15,NULL,'F_Mik',56,104.00,NULL),('S1620',225,1620,87,'P_Bar','Romney','E',1,5,NULL,'P_Jan',77,89.00,NULL),('S1620',226,1620,59,'D_Dav','Romney','R',3,15,75.00,'D_Dav',59,83.00,NULL),('S1620',227,1620,40,'F_Dav','Romney','W',1,20,NULL,'F_Don',66,85.00,NULL),('S1620',228,1620,88,'F_Mik','Merino','R',1,35,NULL,'F_Mik',63,84.00,NULL),('S1620',229,1620,43,'F_Shr','Suffolk X','R',1,10,NULL,'F_Mik',78,78.00,NULL),('S1620',230,1620,69,'D_Dav','Romney','W',1,75,NULL,'D_Dav',62,81.00,NULL),('S1620',231,1620,88,'F_Mik','Merino','E',3,50,NULL,'F_Mik',66,99.00,NULL),('S1620',232,1620,84,'F_Shr','Merino','E',3,90,NULL,'F_Ral',73,95.00,NULL),('S1620',233,1620,39,'F_Ral','Merino','R',1,10,NULL,'F_Ral',66,101.00,NULL),('S1620',234,1620,65,'P_Bar','Merino','W',2,45,NULL,'F_Ral',77,88.00,NULL),('S1620',235,1620,70,'P_Bar','Romney','W',3,40,NULL,'P_Jan',46,85.00,NULL),('S1620',236,1620,38,'P_Jan','Romney','W',2,25,NULL,'P_Jan',63,84.00,NULL),('S1620',237,1620,87,'P_Bar','Romney','W',2,30,NULL,'P_Jan',66,97.00,NULL),('S1620',238,1620,41,'P_Jan','Merino','E',2,100,NULL,'P_Jan',61,93.00,NULL),('S1620',239,1620,43,'F_Shr','Suffolk X','R',1,15,NULL,'F_Ral',61,79.00,NULL),('S1620',240,1620,86,'F_Shr','Romney','W',2,45,NULL,'F_Ral',39,88.00,NULL),('S1620',241,1620,65,'P_Bar','Merino','R',1,35,NULL,'F_Ral',77,97.00,NULL),('S1620',242,1620,43,'F_Shr','Merino','R',3,45,NULL,'F_Mik',61,95.00,NULL),('S1620',243,1620,85,'F_Leo','Merino','W',2,25,NULL,'F_Mik',79,94.00,NULL),('S1620',244,1620,42,'F_Don','Merino','E',2,10,NULL,'F_Don',56,87.00,NULL),('S1620',245,1620,40,'F_Dav','Romney','E',2,100,NULL,'F_Don',61,84.00,NULL),('S1620',246,1620,38,'P_Jan','Romney','R',2,100,NULL,'P_Jan',65,78.00,NULL),('S1620',247,1620,43,'F_Shr','Romney','W',2,65,NULL,'F_Mik',61,100.00,NULL),('S1620',248,1620,101,'F_Dav','Merino','W',1,5,NULL,'F_Mik',79,91.00,NULL),('S1620',249,1620,39,'F_Ral','Suffolk X','W',3,15,NULL,'F_Ral',62,97.00,NULL),('S1620',250,1620,77,'F_Don','Romney','W',1,65,NULL,'F_Don',80,89.00,NULL),('S1620',251,1620,58,'P_Jan','Merino','E',1,75,NULL,'P_Jan',74,97.00,NULL),('S1620',252,1620,40,'F_Dav','Merino','R',1,75,NULL,'F_Don',73,102.00,NULL),('S1620',253,1620,58,'P_Jan','Merino','W',2,25,NULL,'P_Jan',66,98.00,NULL),('S1620',254,1620,78,'D_Dav','Merino','R',2,35,NULL,'D_Dav',75,78.00,NULL),('S1620',255,1620,61,'F_Mic','Romney','R',3,85,NULL,'F_Mik',54,78.00,NULL),('S1620',256,1620,59,'D_Dav','Romney','W',1,20,NULL,'D_Dav',56,93.00,NULL),('S1620',257,1620,101,'F_Dav','Romney','E',1,60,NULL,'F_Mik',61,95.00,NULL),('S1620',258,1620,32,'P_Lis','Merino','E',2,20,NULL,'P_Jan',65,81.00,NULL),('S1620',259,1620,86,'F_Shr','Suffolk X','R',1,80,NULL,'F_Ral',39,89.00,NULL),('S1620',260,1620,41,'P_Jan','Romney','W',3,60,NULL,'P_Jan',60,103.00,NULL),('S1620',261,1620,74,'F_Don','Merino','W',2,50,NULL,'F_Don',64,102.00,NULL),('S1620',262,1620,49,'F_Mik','Merino','W',1,75,NULL,'F_Mik',60,80.00,NULL),('S1620',263,1620,60,'D_Dav','Merino','W',1,50,NULL,'D_Dav',61,86.00,NULL),('S1620',264,1620,85,'F_Leo','Merino','E',2,20,NULL,'F_Mik',74,102.00,NULL),('S1620',265,1620,34,'F_Mic','Romney','R',3,10,80.00,'F_Don',56,86.00,NULL),('S1620',266,1620,78,'D_Dav','Romney','W',1,20,NULL,'D_Dav',66,83.00,NULL),('S1620',267,1620,74,'F_Don','Romney','R',1,10,NULL,'F_Don',66,83.00,NULL),('S1620',268,1620,43,'F_Shr','Merino','R',1,55,NULL,'F_Mik',46,101.00,NULL),('S1620',269,1620,43,'F_Shr','Suffolk X','W',1,90,NULL,'F_Mik',75,88.00,NULL),('S1620',270,1620,100,'F_Leo','Romney','E',2,65,NULL,'F_Don',78,84.00,NULL),('S1620',271,1620,38,'P_Jan','Merino','E',2,55,NULL,'P_Jan',46,95.00,NULL),('S1620',272,1620,76,'D_Big','Merino','R',3,40,70.00,'D_Big',48,79.00,NULL),('S1620',273,1620,88,'F_Mik','Merino','W',3,90,NULL,'F_Mik',78,85.00,NULL),('S1620',274,1620,58,'P_Jan','Merino','W',1,5,NULL,'P_Jan',75,101.00,NULL),('S1620',275,1620,86,'F_Shr','Romney','W',1,30,NULL,'F_Ral',62,81.00,NULL),('S1620',276,1620,85,'F_Leo','Romney','W',3,65,NULL,'F_Mik',60,105.00,NULL),('S1620',277,1620,61,'F_Mic','Romney','E',3,25,110.00,'F_Mik',66,NULL,_binary ''),('S1620',278,1620,69,'D_Dav','Merino','R',1,15,NULL,'D_Dav',74,85.00,NULL),('S1620',279,1620,37,'F_Mic','Suffolk X','W',1,95,NULL,'F_Mik',59,101.00,NULL),('S1620',280,1620,43,'F_Shr','Romney','R',1,20,NULL,'F_Mik',79,100.00,NULL),('S1620',281,1620,58,'P_Jan','Merino','R',2,50,NULL,'P_Jan',77,94.00,NULL),('S1620',282,1620,49,'F_Mik','Merino','W',3,10,NULL,'F_Mik',78,81.00,NULL),('S1620',283,1620,69,'D_Dav','Merino','E',1,15,NULL,'D_Dav',63,103.00,NULL),('S1620',284,1620,77,'F_Don','Merino','E',2,10,NULL,'F_Don',39,98.00,NULL),('S1620',285,1620,78,'D_Dav','Romney','R',3,85,NULL,'D_Dav',61,79.00,NULL),('S1620',286,1620,58,'P_Jan','Romney','W',2,65,NULL,'P_Jan',61,102.00,NULL),('S1620',287,1620,76,'D_Big','Romney','W',1,80,NULL,'D_Big',61,87.00,NULL),('S1620',288,1620,76,'D_Big','Merino','W',1,35,NULL,'D_Big',79,96.00,NULL),('S1620',289,1620,74,'F_Don','Suffolk X','W',2,25,NULL,'F_Don',79,86.00,NULL),('S1620',290,1620,62,'P_Lis','Romney','E',2,65,NULL,'P_Jan',46,83.00,NULL),('S1620',291,1620,65,'P_Bar','Merino','R',2,45,NULL,'F_Ral',61,98.00,NULL),('S1620',292,1620,100,'F_Leo','Merino','W',2,75,NULL,'F_Don',63,88.00,NULL),('S1620',293,1620,62,'P_Lis','Merino','R',3,15,NULL,'P_Jan',56,81.00,NULL),('S1620',294,1620,41,'P_Jan','Merino','R',2,45,NULL,'P_Jan',46,96.00,NULL),('S1620',295,1620,69,'D_Dav','Romney','W',2,45,NULL,'D_Dav',65,99.00,NULL),('S1620',296,1620,62,'P_Lis','Romney','E',3,75,NULL,'P_Jan',77,82.00,NULL),('S1620',297,1620,61,'F_Mic','Romney','E',1,20,NULL,'F_Mik',61,90.00,NULL),('S1620',298,1620,60,'D_Dav','Merino','R',3,45,NULL,'D_Dav',75,83.00,NULL),('S1620',299,1620,88,'F_Mik','Suffolk X','W',1,10,NULL,'F_Mik',79,87.00,NULL),('S1620',300,1620,41,'P_Jan','Romney','W',3,35,NULL,'P_Jan',75,96.00,NULL),('S1620',301,1620,100,'F_Leo','Merino','W',3,35,NULL,'F_Mik',61,102.00,NULL),('S1620',302,1620,57,'P_Jan','Merino','W',2,20,NULL,'P_Jan',61,81.00,NULL),('S1620',303,1620,74,'F_Don','Merino','E',2,60,NULL,'F_Don',54,103.00,NULL),('S1620',304,1620,32,'P_Lis','Merino','R',2,25,NULL,'P_Jan',73,84.00,NULL),('S1620',305,1620,37,'F_Mic','Romney','W',1,95,NULL,'F_Don',46,94.00,NULL),('S1620',306,1620,87,'P_Bar','Romney','R',3,85,NULL,'P_Jan',63,87.00,NULL),('S1620',307,1620,43,'F_Shr','Romney','R',3,10,NULL,'F_Ral',79,91.00,NULL),('S1620',308,1620,87,'P_Bar','Merino','W',3,45,NULL,'P_Jan',78,100.00,NULL),('S1620',309,1620,76,'D_Big','Suffolk X','E',3,95,NULL,'D_Big',75,96.00,NULL),('S1620',310,1620,87,'P_Bar','Romney','E',3,50,NULL,'P_Jan',56,81.00,NULL),('S1620',311,1620,84,'F_Shr','Merino','R',3,35,NULL,'F_Ral',59,88.00,NULL),('S1620',312,1620,40,'F_Dav','Merino','W',2,15,NULL,'F_Don',73,85.00,NULL),('S1620',313,1620,37,'F_Mic','Merino','W',1,50,NULL,'F_Don',39,91.00,NULL),('S1620',314,1620,57,'P_Jan','Merino','W',3,35,NULL,'P_Jan',73,78.00,NULL),('S1620',315,1620,70,'P_Bar','Romney','W',1,20,NULL,'P_Jan',46,85.00,NULL),('S1620',316,1620,38,'P_Jan','Romney','E',1,100,NULL,'P_Jan',66,84.00,NULL),('S1620',317,1620,37,'F_Mic','Romney','R',2,40,NULL,'F_Don',39,101.00,NULL),('S1620',318,1620,61,'F_Mic','Merino','W',3,20,NULL,'F_Mik',64,79.00,NULL),('S1620',319,1620,32,'P_Lis','Suffolk X','R',1,25,NULL,'P_Jan',60,102.00,NULL),('S1620',320,1620,49,'F_Mik','Romney','R',2,35,NULL,'F_Mik',64,95.00,NULL),('S1620',321,1620,39,'F_Ral','Merino','W',2,45,NULL,'F_Ral',65,96.00,NULL),('S1620',322,1620,38,'P_Jan','Merino','E',2,20,NULL,'P_Jan',59,89.00,NULL),('S1620',323,1620,43,'F_Shr','Merino','E',2,20,NULL,'F_Ral',80,81.00,NULL),('S1620',324,1620,62,'P_Lis','Merino','R',3,50,NULL,'P_Jan',56,80.00,NULL),('S1620',325,1620,65,'P_Bar','Romney','W',2,20,NULL,'F_Ral',79,84.00,NULL),('S1620',326,1620,88,'F_Mik','Romney','W',2,45,NULL,'F_Mik',56,82.00,NULL),('S1620',327,1620,40,'F_Dav','Romney','W',3,85,NULL,'F_Don',62,104.00,NULL),('S1620',328,1620,74,'F_Don','Merino','W',1,35,NULL,'F_Don',59,90.00,NULL),('S1620',329,1620,60,'D_Dav','Suffolk X','E',2,30,80.00,'D_Dav',63,100.00,NULL),('S1620',330,1620,85,'F_Leo','Romney','R',1,10,NULL,'F_Mik',39,92.00,NULL),('S1620',331,1620,40,'F_Dav','Merino','W',1,70,NULL,'F_Don',73,104.00,NULL),('S1620',332,1620,39,'F_Ral','Merino','R',3,5,NULL,'F_Ral',61,90.00,NULL),('S1620',333,1620,78,'D_Dav','Merino','R',2,50,NULL,'D_Dav',65,98.00,NULL),('S1620',334,1620,101,'F_Dav','Merino','W',2,35,NULL,'F_Mik',66,87.00,NULL),('S1620',335,1620,70,'P_Bar','Romney','E',1,85,NULL,'P_Jan',77,87.00,NULL),('S1620',336,1620,59,'D_Dav','Romney','E',1,40,NULL,'D_Dav',78,101.00,NULL),('S1620',337,1620,41,'P_Jan','Romney','R',3,45,100.00,'P_Jan',46,103.00,NULL),('S1620',338,1620,62,'P_Lis','Merino','W',1,40,NULL,'P_Jan',46,89.00,NULL),('S1620',339,1620,59,'D_Dav','Suffolk X','W',1,35,NULL,'D_Dav',78,85.00,NULL),('S1620',340,1620,42,'F_Don','Romney','W',2,75,95.00,'F_Don',56,98.00,NULL),('S1620',341,1620,87,'P_Bar','Merino','W',2,25,NULL,'P_Jan',54,90.00,NULL),('S1620',342,1620,38,'P_Jan','Merino','E',3,35,NULL,'P_Jan',64,82.00,NULL),('S1620',343,1620,41,'P_Jan','Merino','R',2,20,NULL,'P_Jan',73,91.00,NULL),('S1620',344,1620,40,'F_Dav','Merino','W',1,65,NULL,'F_Don',39,84.00,NULL),('S1620',345,1620,58,'P_Jan','Romney','R',2,45,NULL,'P_Jan',75,98.00,NULL),('S1620',346,1620,85,'F_Leo','Romney','R',2,15,NULL,'F_Mik',62,89.00,NULL),('S1620',347,1620,41,'P_Jan','Merino','W',3,20,NULL,'P_Jan',66,99.00,NULL),('S1620',348,1620,59,'D_Dav','Romney','E',2,20,NULL,'D_Dav',77,83.00,NULL),('S1620',349,1620,88,'F_Mik','Merino','E',1,100,NULL,'F_Mik',54,79.00,NULL),('S1620',350,1620,57,'P_Jan','Suffolk X','R',1,80,NULL,'P_Jan',77,80.00,NULL),('S1620',351,1620,38,'P_Jan','Romney','W',2,25,NULL,'P_Jan',61,87.00,NULL),('S1620',352,1620,76,'D_Big','Merino','W',2,40,NULL,'D_Big',61,93.00,NULL),('S1620',353,1620,60,'D_Dav','Merino','W',2,40,NULL,'D_Dav',56,83.00,NULL),('S1620',354,1620,84,'F_Shr','Merino','W',3,75,NULL,'F_Ral',39,84.00,NULL),('S1620',355,1620,61,'F_Mic','Merino','E',3,50,NULL,'F_Mik',75,96.00,NULL),('S1620',356,1620,38,'P_Jan','Romney','R',2,40,NULL,'P_Jan',80,100.00,NULL),('S1620',357,1620,39,'F_Ral','Romney','W',1,50,NULL,'F_Ral',66,105.00,NULL),('S1620',358,1620,70,'P_Bar','Merino','R',1,10,NULL,'P_Jan',74,84.00,NULL),('S1620',359,1620,76,'D_Big','Merino','R',2,40,NULL,'D_Big',61,91.00,NULL),('S1620',360,1620,74,'F_Don','Merino','W',3,25,NULL,'F_Don',66,80.00,NULL),('S1620',361,1620,62,'P_Lis','Merino','E',3,100,NULL,'P_Jan',60,82.00,NULL),('S1620',362,1620,39,'F_Ral','Merino','E',2,65,NULL,'F_Ral',62,78.00,NULL),('S1620',363,1620,38,'P_Jan','Merino','R',2,65,NULL,'P_Jan',62,88.00,NULL);
/*!40000 ALTER TABLE `sheeplot` ENABLE KEYS */;
UNLOCK TABLES;

--
-- Temporary view structure for view `soldcattlelots2020`
--

DROP TABLE IF EXISTS `soldcattlelots2020`;
/*!50001 DROP VIEW IF EXISTS `soldcattlelots2020`*/;
SET @saved_cs_client     = @@character_set_client;
/*!50503 SET character_set_client = utf8mb4 */;
/*!50001 CREATE VIEW `soldcattlelots2020` AS SELECT 
 1 AS `auctionId`,
 1 AS `auctionDay`,
 1 AS `lotNumber`,
 1 AS `Seller`,
 1 AS `Buyer`,
 1 AS `Agent`,
 1 AS `Auctioneer`,
 1 AS `breed`,
 1 AS `lotSellingPrice`*/;
SET character_set_client = @saved_cs_client;

--
-- Temporary view structure for view `soldsheeplots2019`
--

DROP TABLE IF EXISTS `soldsheeplots2019`;
/*!50001 DROP VIEW IF EXISTS `soldsheeplots2019`*/;
SET @saved_cs_client     = @@character_set_client;
/*!50503 SET character_set_client = utf8mb4 */;
/*!50001 CREATE VIEW `soldsheeplots2019` AS SELECT 
 1 AS `auctionId`,
 1 AS `auctionDay`,
 1 AS `lotNumber`,
 1 AS `Seller`,
 1 AS `Buyer`,
 1 AS `Agent`,
 1 AS `Auctioneer`,
 1 AS `breed`,
 1 AS `lotSellingPrice`*/;
SET character_set_client = @saved_cs_client;

--
-- Table structure for table `stockagency`
--

DROP TABLE IF EXISTS `stockagency`;
/*!40101 SET @saved_cs_client     = @@character_set_client */;
/*!50503 SET character_set_client = utf8mb4 */;
CREATE TABLE `stockagency` (
  `id` char(5) CHARACTER SET utf8 COLLATE utf8_general_ci NOT NULL,
  `fullName` char(50) CHARACTER SET utf8 COLLATE utf8_general_ci NOT NULL,
  `address1` char(30) CHARACTER SET utf8 COLLATE utf8_general_ci DEFAULT NULL,
  `address2` char(30) CHARACTER SET utf8 COLLATE utf8_general_ci DEFAULT NULL,
  `address3` char(30) CHARACTER SET utf8 COLLATE utf8_general_ci DEFAULT NULL,
  `province` char(30) CHARACTER SET utf8 COLLATE utf8_general_ci DEFAULT NULL,
  `contactPerson` char(50) CHARACTER SET utf8 COLLATE utf8_general_ci DEFAULT NULL,
  `phone` char(15) CHARACTER SET utf8 COLLATE utf8_general_ci DEFAULT NULL,
  `phone2` char(15) CHARACTER SET utf8 COLLATE utf8_general_ci DEFAULT NULL,
  `email` char(50) CHARACTER SET utf8 COLLATE utf8_general_ci DEFAULT NULL,
  PRIMARY KEY (`id`)
) ENGINE=MyISAM DEFAULT CHARSET=utf8mb4 COLLATE=utf8mb4_0900_ai_ci;
/*!40101 SET character_set_client = @saved_cs_client */;

--
-- Dumping data for table `stockagency`
--

LOCK TABLES `stockagency` WRITE;
/*!40000 ALTER TABLE `stockagency` DISABLE KEYS */;
INSERT INTO `stockagency` VALUES ('DALGE','Dalgeties','32 School Rd',NULL,'Waimate',NULL,'Bob Builder','(03) 555-1965','(021) 276-4532','bob@dalgeties.co.nz'),('FARME','Farmers Stock Traders','53 Queen Street',NULL,'Temuka',NULL,'Arnold Nicklaus','(03) 555-9326','(021) 0123-3743','arnoldnicklaus@farmersstock.co.nz'),('PGG','Pyne Gould Guiness Agency','52 Sefton Street',NULL,'Windwhistle',NULL,'Jane Jetson','(021) 555-12341',NULL,'jane.jetson@pgga.co.nz');
/*!40000 ALTER TABLE `stockagency` ENABLE KEYS */;
UNLOCK TABLES;

--
-- Table structure for table `stockagent`
--

DROP TABLE IF EXISTS `stockagent`;
/*!40101 SET @saved_cs_client     = @@character_set_client */;
/*!50503 SET character_set_client = utf8mb4 */;
CREATE TABLE `stockagent` (
  `id` char(10) CHARACTER SET utf8 COLLATE utf8_general_ci NOT NULL,
  `fullName` char(50) CHARACTER SET utf8 COLLATE utf8_general_ci NOT NULL,
  `shortName` char(10) CHARACTER SET utf8 COLLATE utf8_general_ci DEFAULT NULL,
  `stockAgency` char(5) CHARACTER SET utf8 COLLATE utf8_general_ci NOT NULL,
  `phone` char(15) CHARACTER SET utf8 COLLATE utf8_general_ci DEFAULT NULL,
  `phone2` char(15) CHARACTER SET utf8 COLLATE utf8_general_ci DEFAULT NULL,
  `email` char(50) CHARACTER SET utf8 COLLATE utf8_general_ci DEFAULT NULL,
  `isAuctioneer` bit(1) DEFAULT NULL,
  PRIMARY KEY (`id`),
  KEY `FK_StockAgent_StockAgency` (`stockAgency`)
) ENGINE=MyISAM DEFAULT CHARSET=utf8mb4 COLLATE=utf8mb4_0900_ai_ci;
/*!40101 SET character_set_client = @saved_cs_client */;

--
-- Dumping data for table `stockagent`
--

LOCK TABLES `stockagent` WRITE;
/*!40000 ALTER TABLE `stockagent` DISABLE KEYS */;
INSERT INTO `stockagent` VALUES ('D_Big','Alister Byng','Big Al','DALGE','(03) 800-5036','(021) 966-1198','alister@dalgeties.co.nz',_binary ''),('D_Dav','Dave Doppler','Dave','DALGE','(03) 535-8357','(021) 184-6760','dave@dalgeties.co.nz',_binary ''),('D_Sli','Slim Baker','Slim','DALGE','(03) 317-4071','(021) 730-9334','slim@dalgeties.co.nz',_binary ''),('F_Dav','David Sidebottom','Dave','FARME','(03) 690-2926','(027) 780-1311','davidsidebottom@farmersstock.co.nz',_binary '\0'),('F_Don','Donald Quagley','Don','FARME','(03) 138-9067','(027) 915-7349','donaldquagley@farmersstock.co.nz',_binary ''),('F_Leo','Leonardo Capris','Leo','FARME','(03) 898-3649','(027) 760-1756','leonardocapris@farmersstock.co.nz',_binary '\0'),('F_Mic','Michael Krueger','Mickey','FARME','(03) 326-1077','(027) 845-3084','michaelkrueger@farmersstock.co.nz',_binary '\0'),('F_Mik','Micheal Angel','Mike','FARME','(03) 801-4522','(027) 344-1892','michealangel@farmersstock.co.nz',_binary ''),('F_Ral','Ralph Wigwam','Ralph','FARME','(03) 378-2358','(027) 766-3079','ralphwigwam@farmersstock.co.nz',_binary ''),('F_Shr','Homer Palin','Shredder','FARME','(03) 544-5507','(027) 599-3458','homerpalin@farmersstock.co.nz',_binary '\0'),('P_Bar','Bart O\'Keefe','Bart','PGG','(03) 559-4490','(021) 476-3622','bart.okeefe@pgga.co.nz',_binary '\0'),('P_Jan','Jane Jetson','Jane','PGG','(03) 234-7410','(021) 365-5063','jane.jetson@pgga.co.nz',_binary ''),('P_Lis','Lisa Andrewson','Lisa','PGG','(03) 122-5103','(021) 637-8020','lisa.andrewson@pgga.co.nz',_binary '\0');
/*!40000 ALTER TABLE `stockagent` ENABLE KEYS */;
UNLOCK TABLES;

--
-- Final view structure for view `soldcattlelots2020`
--

/*!50001 DROP VIEW IF EXISTS `soldcattlelots2020`*/;
/*!50001 SET @saved_cs_client          = @@character_set_client */;
/*!50001 SET @saved_cs_results         = @@character_set_results */;
/*!50001 SET @saved_col_connection     = @@collation_connection */;
/*!50001 SET character_set_client      = utf8mb4 */;
/*!50001 SET character_set_results     = utf8mb4 */;
/*!50001 SET collation_connection      = utf8mb4_0900_ai_ci */;
/*!50001 CREATE ALGORITHM=UNDEFINED */
/*!50013 DEFINER=`root`@`localhost` SQL SECURITY DEFINER */
/*!50001 VIEW `soldcattlelots2020` AS select `cattlelot`.`auctionId` AS `auctionId`,`auctionday`.`auctionDay` AS `auctionDay`,`cattlelot`.`lotNumber` AS `lotNumber`,`ac1`.`fullName` AS `Seller`,`ac2`.`fullName` AS `Buyer`,`sa1`.`fullName` AS `Agent`,`sa2`.`fullName` AS `Auctioneer`,`cattlelot`.`breed` AS `breed`,`cattlelot`.`lotSellingPrice` AS `lotSellingPrice` from (((((((`cattlelot` join `auctionclientatauction` `aca1` on((`cattlelot`.`seller` = `aca1`.`clientNumber`))) join `auctionclient` `ac1` on((`aca1`.`clientID` = `ac1`.`id`))) join `auctionclientatauction` `aca2` on((`cattlelot`.`buyer` = `aca2`.`clientNumber`))) join `auctionclient` `ac2` on((`aca2`.`clientID` = `ac2`.`id`))) join `stockagent` `sa1` on((`cattlelot`.`agent` = `sa1`.`id`))) join `stockagent` `sa2` on((`cattlelot`.`auctioneer` = `sa2`.`id`))) join `auctionday` on((`cattlelot`.`auctionDay` = `auctionday`.`id`))) where ((year(`auctionday`.`auctionDay`) = 2020) and ((0 <> `cattlelot`.`passedIn`) is not true)) group by `ac1`.`fullName`,`ac2`.`fullName`,`cattlelot`.`lotNumber`,`cattlelot`.`auctionId`,`sa1`.`fullName`,`sa2`.`fullName`,`cattlelot`.`breed`,`cattlelot`.`lotSellingPrice` order by `cattlelot`.`lotNumber` */;
/*!50001 SET character_set_client      = @saved_cs_client */;
/*!50001 SET character_set_results     = @saved_cs_results */;
/*!50001 SET collation_connection      = @saved_col_connection */;

--
-- Final view structure for view `soldsheeplots2019`
--

/*!50001 DROP VIEW IF EXISTS `soldsheeplots2019`*/;
/*!50001 SET @saved_cs_client          = @@character_set_client */;
/*!50001 SET @saved_cs_results         = @@character_set_results */;
/*!50001 SET @saved_col_connection     = @@collation_connection */;
/*!50001 SET character_set_client      = utf8mb4 */;
/*!50001 SET character_set_results     = utf8mb4 */;
/*!50001 SET collation_connection      = utf8mb4_0900_ai_ci */;
/*!50001 CREATE ALGORITHM=UNDEFINED */
/*!50013 DEFINER=`root`@`localhost` SQL SECURITY DEFINER */
/*!50001 VIEW `soldsheeplots2019` AS select `sheeplot`.`auctionId` AS `auctionId`,`auctionday`.`auctionDay` AS `auctionDay`,`sheeplot`.`lotNumber` AS `lotNumber`,`ac1`.`fullName` AS `Seller`,`ac2`.`fullName` AS `Buyer`,`sa1`.`fullName` AS `Agent`,`sa2`.`fullName` AS `Auctioneer`,`sheeplot`.`breed` AS `breed`,`sheeplot`.`lotSellingPrice` AS `lotSellingPrice` from (((((((`sheeplot` join `auctionclientatauction` `aca1` on((`sheeplot`.`seller` = `aca1`.`clientNumber`))) join `auctionclient` `ac1` on((`aca1`.`clientID` = `ac1`.`id`))) join `auctionclientatauction` `aca2` on((`sheeplot`.`buyer` = `aca2`.`clientNumber`))) join `auctionclient` `ac2` on((`aca2`.`clientID` = `ac2`.`id`))) join `stockagent` `sa1` on((`sheeplot`.`agent` = `sa1`.`id`))) join `stockagent` `sa2` on((`sheeplot`.`auctioneer` = `sa2`.`id`))) join `auctionday` on((`sheeplot`.`auctionDay` = `auctionday`.`id`))) where (((year(`auctionday`.`auctionDay`) = 2019) and ((0 <> `sheeplot`.`passedIn`) is false)) or (`sheeplot`.`passedIn` is null)) group by `ac1`.`fullName`,`ac2`.`fullName`,`sheeplot`.`lotNumber`,`sheeplot`.`auctionId`,`sa1`.`fullName`,`sa2`.`fullName`,`sheeplot`.`breed`,`sheeplot`.`lotSellingPrice` order by `sheeplot`.`lotNumber` */;
/*!50001 SET character_set_client      = @saved_cs_client */;
/*!50001 SET character_set_results     = @saved_cs_results */;
/*!50001 SET collation_connection      = @saved_col_connection */;
/*!40103 SET TIME_ZONE=@OLD_TIME_ZONE */;

/*!40101 SET SQL_MODE=@OLD_SQL_MODE */;
/*!40014 SET FOREIGN_KEY_CHECKS=@OLD_FOREIGN_KEY_CHECKS */;
/*!40014 SET UNIQUE_CHECKS=@OLD_UNIQUE_CHECKS */;
/*!40101 SET CHARACTER_SET_CLIENT=@OLD_CHARACTER_SET_CLIENT */;
/*!40101 SET CHARACTER_SET_RESULTS=@OLD_CHARACTER_SET_RESULTS */;
/*!40101 SET COLLATION_CONNECTION=@OLD_COLLATION_CONNECTION */;
/*!40111 SET SQL_NOTES=@OLD_SQL_NOTES */;

-- Dump completed on 2020-10-21 13:12:45
